Nuclide Symbol,Nuclide Name,Half-life (years)
130Ba,Barium 130,1.2e+21
209Bi,Bismuth 209,2.01e+19
113Cd,Cadmium 113,8.04e+15
116Cd,Cadmium 116,2.69e+19
48Ca,Calcium 48,5.6e+19
151Eu,Europium 151,4.6e+18
76Ge,Germanium 76,1.88e+21
174Hf,Hafnium 174,2e+15
115In,Indium 115,4.41e+14
78Kr,Krypton 78,9.2e+21
100Mo,Molybdenum 100,7.07e+18
144Nd,Neodymium 144,2.29e+15
150Nd,Neodymium 150,9.3e+18
186Os,Osmium 186,2e+15
148Sm,Samarium 148,6.3e+15
82Se,Selenium 82,8.76e+19
128Te,Tellurium 128,2.25e+24
130Te,Tellurium 130,7.91e+20
180W,Tungsten 180,1.59e+18
50V,Vanadium 50,2.71e+17
124Xe,Xenon 124,1.8e+22
136Xe,Xenon 136,2.18e+21
96Zr,Zirconium 96,2.34e+19
238U,Uranium 238,4.463e+09
235U,Uranium 235,7.04e+08
232Th,Thorium 232,1.4e+10
