# Atomic mass excesses (keV) from AME2020: M. Wang et al., Chinese Physics C 45, 030003 (2021).
# Only experimentally measured masses are kept. Mass excess = (M - A u) c^2 of the neutral atom.
Z,N,A,element,mass_excess_keV,uncertainty_keV
0,1,1,n,8071.31806,0.00044
1,0,1,H,7288.971064,1.3e-05
1,1,2,H,13135.722895,1.5e-05
1,2,3,H,14949.8109,8e-05
2,1,3,He,14931.21888,6e-05
1,3,4,H,24621.129,100.0
2,2,4,He,2424.91587,0.00015
3,1,4,Li,25323.19,212.132
1,4,5,H,32892.447,89.443
2,3,5,He,11231.234,20.0
3,2,5,Li,11678.887,50.0
1,5,6,H,41875.725,254.127
2,4,6,He,17592.095,0.053
3,3,6,Li,14086.88044,0.00144
4,2,6,Be,18375.034,5.448
2,5,7,He,26073.128,7.559
3,4,7,Li,14907.10463,0.00419
4,3,7,Be,15768.998,0.071
5,2,7,B,27676.553,25.15
2,6,8,He,31609.683,0.089
3,5,8,Li,20945.805,0.047
4,4,8,Be,4941.672,0.035
5,3,8,B,22921.569,1.0
6,2,8,C,35064.269,18.243
2,7,9,He,40935.826,46.816
3,6,9,Li,24954.905,0.186
4,5,9,Be,11348.451,0.076
5,4,9,B,12416.486,0.903
6,3,9,C,28910.971,2.137
2,8,10,He,49197.147,92.848
3,7,10,Li,33052.628,12.721
4,6,10,Be,12607.487,0.081
5,5,10,B,12050.611,0.015
6,4,10,C,15698.673,0.07
7,3,10,N,38800.027,400.0
3,8,11,Li,40728.259,0.615
4,7,11,Be,20177.169,0.238
5,6,11,B,8667.708,0.012
6,5,11,C,10649.397,0.06
7,4,11,N,24365.644,5.0
8,3,11,O,47738.913,60.038
3,9,12,Li,49009.577,30.006
4,8,12,Be,25077.761,1.909
5,7,12,B,13369.398,1.321
6,6,12,C,0.0,0.0
7,5,12,N,17338.068,1.0
8,4,12,O,32013.335,12.0
3,10,13,Li,56980.895,70.003
4,9,13,Be,33659.08,10.18
5,8,13,B,16561.948,1.0
6,7,13,C,3125.00933,0.00023
7,6,13,N,5345.481,0.27
8,5,13,O,23115.432,9.526
4,10,14,Be,39954.502,132.245
5,9,14,B,23663.686,21.213
6,8,14,C,3019.89328,0.00375
7,7,14,N,2863.41683,0.00022
8,6,14,O,8007.781,0.025
9,5,14,F,31964.403,41.119
4,11,15,Be,49825.821,165.797
5,10,15,B,28957.379,21.029
6,9,15,C,9873.145,0.8
7,8,15,N,101.43809,0.00058
8,7,15,O,2855.622,0.49
9,6,15,F,16566.752,14.0
10,5,15,Ne,40215.374,66.684
4,12,16,Be,57447.139,165.797
5,11,16,B,37111.699,24.566
6,10,16,C,13694.133,3.578
7,9,16,N,5683.907,2.301
8,8,16,O,-4737.00217,0.0003
9,7,16,F,10675.182,5.364
10,6,16,Ne,23986.775,20.48
5,12,17,B,43716.322,204.104
6,11,17,C,21031.88,17.365
7,10,17,N,7870.079,15.0
8,9,17,O,-808.76421,0.00064
9,8,17,F,1951.701,0.248
10,7,17,Ne,16500.452,0.354
11,6,17,Na,34719.58,59.616
5,13,18,B,51792.64,204.165
6,12,18,C,24919.266,30.0
7,11,18,N,13113.167,18.57
8,10,18,O,-782.81634,0.00064
9,9,18,F,873.112,0.463
10,8,18,Ne,5317.617,0.363
11,7,18,Na,25037.992,93.881
5,14,19,B,59770.251,525.363
6,13,19,C,32413.754,98.389
7,12,19,N,15856.255,16.404
8,11,19,O,3332.858,2.637
9,10,19,F,-1487.44512,0.00082
10,9,19,Ne,1752.054,0.16
11,8,19,Na,12929.384,10.535
12,7,19,Mg,31838.394,60.001
5,15,20,B,69401.569,546.357
6,14,20,C,37503.567,230.625
7,13,20,N,21766.498,78.894
8,12,20,O,3796.172,0.885
9,11,20,F,-17.463,0.03
10,10,20,Ne,-7041.93217,0.00154
11,9,20,Na,6850.489,1.109
12,8,20,Mg,17477.694,1.863
5,16,21,B,78382.887,558.664
7,14,21,N,25231.915,134.048
8,13,21,O,8062.034,12.0
9,12,21,F,-47.605,1.8
10,11,21,Ne,-5731.776,0.038
11,10,21,Na,-2184.857,0.042
12,9,21,Mg,10903.851,0.755
6,16,22,C,53611.203,231.49
7,15,22,N,31764.805,207.779
8,14,22,O,9283.032,56.921
9,13,22,F,2793.376,12.399
10,12,22,Ne,-8024.716,0.018
11,11,22,Na,-5181.391,0.132
12,10,22,Mg,-399.986,0.159
7,16,23,N,36720.429,420.57
8,15,23,O,14621.371,121.712
9,14,23,F,3285.263,33.32
10,13,23,Ne,-5154.045,0.104
11,12,23,Na,-9529.85352,0.00181
12,11,23,Mg,-5473.675,0.032
13,10,23,Al,6748.071,0.345
8,16,24,O,18500.404,164.874
9,15,24,F,7544.516,97.67
10,14,24,Ne,-5951.642,0.513
11,13,24,Na,-8417.901,0.017
12,12,24,Mg,-13933.578,0.013
13,11,24,Al,-48.812,0.228
14,10,24,Si,10745.186,19.472
8,17,25,O,27329.03,165.084
9,16,25,F,11334.167,96.442
10,15,25,Ne,-2035.503,29.045
11,14,25,Na,-9357.814,1.2
12,13,25,Mg,-13192.782,0.047
13,12,25,Al,-8915.974,0.065
14,11,25,Si,3827.322,10.0
8,18,26,O,34661.041,164.95
9,17,26,F,18674.655,107.027
10,16,26,Ne,481.114,18.429
11,15,26,Na,-6860.78,3.502
12,14,26,Mg,-16214.544,0.029
13,13,26,Al,-12210.139,0.066
14,12,26,Si,-7141.003,0.108
9,18,27,F,25133.478,120.198
10,17,27,Ne,7050.91,90.77
11,16,27,Na,-5517.791,3.726
12,15,27,Mg,-14586.594,0.047
13,14,27,Al,-17196.864,0.047
14,13,27,Si,-12384.505,0.107
15,12,27,P,-659.032,9.001
9,19,28,F,33403.796,120.347
10,18,28,Ne,11299.738,126.068
11,17,28,Na,-988.315,10.246
12,16,28,Mg,-15019.946,0.261
13,15,28,Al,-16850.719,0.049
14,14,28,Si,-21492.79711,0.00051
15,13,28,P,-7147.856,1.147
16,12,28,S,4073.203,160.0
9,20,29,F,40150.19,525.363
10,19,29,Ne,18399.803,149.505
11,18,29,Na,2679.994,7.337
12,17,29,Mg,-10612.36,0.345
13,16,29,Al,-18207.762,0.345
14,15,29,Si,-21895.08154,0.00056
15,14,29,P,-16952.849,0.359
16,13,29,S,-3094.423,13.041
10,20,30,Ne,23280.12,253.25
11,19,30,Na,8474.67,4.727
12,18,30,Mg,-8881.373,1.295
13,17,30,Al,-15864.116,1.936
14,16,30,Si,-24432.962,0.022
15,15,30,P,-20200.856,0.065
16,14,30,S,-14059.254,0.206
17,13,30,Cl,4674.548,23.876
10,21,31,Ne,31181.594,266.195
11,20,31,Na,12246.031,13.972
12,19,31,Mg,-3122.152,3.074
13,18,31,Al,-14950.709,2.236
14,17,31,Si,-22949.037,0.043
15,16,31,P,-24440.54442,0.00075
16,15,31,S,-19042.531,0.229
17,14,31,Cl,-7034.552,3.447
11,21,32,Na,18640.152,37.26
12,20,32,Mg,-828.901,3.26
13,19,32,Al,-11099.368,7.173
14,18,32,Si,-24077.689,0.298
15,17,32,P,-24304.876,0.04
16,16,32,S,-26015.53714,0.00131
17,15,32,Cl,-13334.706,0.562
18,14,32,Ar,-2200.352,1.77
11,22,33,Na,23780.113,449.912
12,21,33,Mg,4962.873,2.663
13,20,33,Al,-8497.382,6.986
14,19,33,Si,-20514.328,0.699
15,18,33,P,-26337.35,1.09
16,17,33,S,-26585.8583,0.00134
17,16,33,Cl,-21003.34,0.391
18,15,33,Ar,-9384.295,0.401
11,23,34,Na,31680.114,599.416
12,22,34,Mg,8323.324,6.893
13,21,34,Al,-2997.619,2.105
14,20,34,Si,-19991.684,0.801
15,19,34,P,-24548.702,0.81
16,18,34,S,-29931.689,0.045
17,17,34,Cl,-24440.086,0.049
18,16,34,Ar,-18378.293,0.078
12,23,35,Mg,15639.786,269.668
13,22,35,Al,-223.73,7.359
14,21,35,Si,-14391.48,35.857
15,20,35,P,-24857.809,1.866
16,19,35,S,-28846.21,0.04
17,18,35,Cl,-29013.532,0.035
18,17,35,Ar,-23047.289,0.68
19,16,35,K,-11172.893,0.512
12,24,36,Mg,20380.159,690.237
13,23,36,Al,5950.384,149.505
14,22,36,Si,-12436.125,71.797
15,21,36,P,-20251.045,13.114
16,20,36,S,-30664.141,0.188
17,19,36,Cl,-29522.008,0.036
18,18,36,Ar,-30231.542,0.027
19,17,36,K,-17417.182,0.325
20,16,36,Ca,-6451.166,40.0
12,25,37,Mg,28211.478,698.947
13,24,37,Al,9809.564,180.244
14,23,37,Si,-6571.512,113.809
15,22,37,P,-18996.012,37.948
16,21,37,S,-26896.426,0.198
17,20,37,Cl,-31761.552,0.052
18,19,37,Ar,-30947.679,0.207
19,18,37,K,-24800.201,0.094
20,17,37,Ca,-13136.07,0.634
14,24,38,Si,-4170.299,104.793
15,23,38,P,-14621.565,72.581
16,22,38,S,-26861.216,7.172
17,21,38,Cl,-29798.116,0.098
18,20,38,Ar,-34714.827,0.195
19,19,38,K,-28800.76,0.195
20,18,38,Ca,-22058.503,0.194
14,25,39,Si,2320.352,135.532
15,24,39,P,-12774.636,112.645
16,23,39,S,-23162.672,50.0
17,22,39,Cl,-29800.218,1.732
18,21,39,Ar,-33242.195,5.0
19,20,39,K,-33807.19535,0.00456
20,19,39,Ca,-27282.707,0.596
21,18,39,Sc,-14172.726,24.0
14,26,40,Si,5666.876,121.991
15,25,40,P,-8139.189,83.607
16,24,40,S,-22837.85,3.982
17,23,40,Cl,-27557.818,32.066
18,22,40,Ar,-35039.89997,0.00218
19,21,40,K,-33535.497,0.056
20,20,40,Ca,-34846.402,0.02
21,19,40,Sc,-20523.353,2.828
22,18,40,Ti,-8993.439,68.244
15,26,41,P,-4979.767,120.163
16,25,41,S,-19008.58,4.099
17,24,41,Cl,-27307.192,68.723
18,23,41,Ar,-33067.51,0.347
19,22,41,K,-35559.5488,0.00376
20,21,41,Ca,-35137.908,0.138
21,20,41,Sc,-28642.36,0.077
22,19,41,Ti,-15697.539,27.945
15,27,42,P,1091.842,95.009
16,26,42,S,-17637.748,2.794
17,25,42,Cl,-24831.77,59.616
18,24,42,Ar,-34422.678,5.775
19,23,42,K,-35022.031,0.106
20,22,42,Ca,-38547.293,0.148
21,21,42,Sc,-32121.003,0.154
22,20,42,Ti,-25104.353,0.269
16,27,43,S,-12195.461,4.97
17,26,43,Cl,-24159.51,61.859
18,25,43,Ar,-32009.811,5.31
19,24,43,K,-36575.394,0.41
20,23,43,Ca,-38408.873,0.227
21,22,43,Sc,-36188.15,1.863
22,21,43,Ti,-29315.591,5.719
23,20,43,V,-17916.358,42.849
16,28,44,S,-9204.236,5.216
17,27,44,Cl,-20478.973,85.566
18,26,44,Ar,-32673.26,1.584
19,25,44,K,-35781.498,0.419
20,24,44,Ca,-41468.73,0.325
21,23,44,Sc,-37816.035,1.756
22,22,44,Ti,-37548.586,0.7
23,21,44,V,-23808.079,7.265
24,20,44,Cr,-13421.899,51.232
17,28,45,Cl,-18262.544,136.163
18,27,45,Ar,-29770.801,0.512
19,26,45,K,-36615.643,0.522
20,25,45,Ca,-40812.23,0.365
21,24,45,Sc,-41072.321,0.663
22,23,45,Ti,-39010.266,0.836
23,22,45,V,-31886.441,0.863
24,21,45,Cr,-19514.801,35.397
17,29,46,Cl,-13734.949,97.249
18,28,46,Ar,-29771.255,2.329
19,27,46,K,-35413.929,0.727
20,26,46,Ca,-43139.61,2.234
21,25,46,Sc,-41761.643,0.671
22,24,46,Ti,-44128.269,0.09
23,23,46,V,-37075.897,0.134
24,22,46,Cr,-29471.57,11.453
25,21,46,Mn,-12417.748,86.629
18,29,47,Ar,-25367.274,1.211
19,28,47,K,-35711.982,1.397
20,27,47,Ca,-42344.665,2.221
21,26,47,Sc,-44336.842,1.931
22,25,47,Ti,-44937.612,0.08
23,24,47,V,-42007.07,0.11
24,23,47,Cr,-34563.093,5.197
25,22,47,Mn,-22566.376,31.671
18,30,48,Ar,-22354.927,16.767
19,29,48,K,-32284.482,0.773
20,28,48,Ca,-44224.868,0.018
21,27,48,Sc,-44504.083,4.95
22,26,48,Ti,-48492.952,0.074
23,25,48,V,-44478.005,0.972
24,24,48,Cr,-42821.313,7.311
25,23,48,Mn,-29296.644,6.699
26,22,48,Fe,-18008.575,92.218
19,30,49,K,-29611.496,0.801
20,29,49,Ca,-41300.003,0.178
21,28,49,Sc,-46562.447,2.268
22,27,49,Ti,-48564.012,0.078
23,26,49,V,-47962.157,0.824
24,25,49,Cr,-45332.352,2.202
25,24,49,Mn,-37619.925,2.214
26,23,49,Fe,-24750.73,24.219
19,31,50,K,-25727.853,7.731
20,30,50,Ca,-39589.23,1.584
21,29,50,Sc,-44537.12,2.515
22,28,50,Ti,-51431.867,0.082
23,27,50,V,-49223.24,0.093
24,26,50,Cr,-50261.364,0.094
25,25,50,Mn,-42626.886,0.115
26,24,50,Fe,-34476.46,8.383
27,23,50,Co,-17589.403,125.752
19,32,51,K,-22515.457,13.041
20,31,51,Ca,-36332.31,0.522
21,30,51,Sc,-43250.353,2.515
22,29,51,Ti,-49732.965,0.484
23,28,51,V,-52203.105,0.097
24,27,51,Cr,-51450.715,0.167
25,26,51,Mn,-48243.225,0.304
26,25,51,Fe,-40189.185,1.398
27,24,51,Co,-27342.146,48.438
19,33,52,K,-17137.628,33.534
20,32,52,Ca,-34266.272,0.671
21,31,52,Sc,-40523.56,3.074
22,30,52,Ti,-49477.698,2.747
23,29,52,V,-51443.032,0.159
24,28,52,Cr,-55419.508,0.112
25,27,52,Mn,-50711.387,0.129
26,26,52,Fe,-48332.095,0.179
27,25,52,Co,-34343.979,5.282
28,24,52,Ni,-22559.856,82.903
19,34,53,K,-12295.722,111.779
20,33,53,Ca,-29387.707,43.78
21,32,53,Sc,-38769.555,17.698
22,31,53,Ti,-46881.433,2.888
23,30,53,V,-51851.675,3.103
24,29,53,Cr,-55287.618,0.116
25,28,53,Mn,-54690.35,0.346
26,27,53,Fe,-50947.483,1.669
27,26,53,Co,-42659.376,1.727
28,25,53,Ni,-29630.827,25.15
20,34,54,Ca,-25160.587,48.438
21,33,54,Sc,-34437.934,13.973
22,32,54,Ti,-45743.812,15.835
23,31,54,V,-49898.267,11.18
24,30,54,Cr,-56935.379,0.132
25,29,54,Mn,-55558.247,1.007
26,28,54,Fe,-56254.615,0.343
27,27,54,Co,-48010.068,0.355
28,26,54,Ni,-39278.312,4.657
20,35,55,Ca,-18650.375,160.217
21,34,55,Sc,-30842.108,62.411
22,33,55,Ti,-41832.469,28.876
23,32,55,V,-49125.136,27.013
24,31,55,Cr,-55110.324,0.228
25,30,55,Mn,-57712.542,0.26
26,29,55,Fe,-57481.422,0.308
27,28,55,Co,-54029.996,0.405
28,27,55,Ni,-45335.961,0.705
29,26,55,Cu,-31635.403,155.56
20,36,56,Ca,-13510.39,249.64
21,35,56,Sc,-25515.848,259.665
22,34,56,Ti,-39422.995,100.201
23,33,56,V,-46183.401,175.884
24,32,56,Cr,-55285.128,0.578
25,31,56,Mn,-56911.666,0.293
26,30,56,Fe,-60607.163,0.268
27,29,56,Co,-56040.518,0.475
28,28,56,Ni,-53907.649,0.399
29,27,56,Cu,-38629.733,6.395
21,36,57,Sc,-21379.653,179.778
22,35,57,Ti,-34401.848,205.879
23,34,57,V,-44435.063,84.766
24,33,57,Cr,-52524.985,1.863
25,32,57,Mn,-57486.279,1.505
26,31,57,Fe,-60182.017,0.268
27,30,57,Co,-59345.658,0.516
28,29,57,Ni,-56083.961,0.566
29,28,57,Cu,-47309.014,0.501
21,37,58,Sc,-15479.569,190.025
22,36,58,Ti,-30917.668,183.34
23,35,58,V,-40430.584,95.816
24,34,58,Cr,-51991.808,2.981
25,33,58,Mn,-55827.568,2.701
26,32,58,Fe,-62155.271,0.316
27,31,58,Co,-59847.292,1.153
28,30,58,Ni,-60228.871,0.349
29,29,58,Cu,-51667.851,0.564
30,28,58,Zn,-42298.871,50.001
21,38,59,Sc,-10829.55,249.64
23,36,59,V,-37610.617,137.4
24,35,59,Cr,-48115.931,0.671
25,34,59,Mn,-55525.328,2.329
26,33,59,Fe,-60664.957,0.33
27,32,59,Co,-62229.838,0.397
28,31,59,Ni,-61156.833,0.351
29,30,59,Cu,-56358.454,0.528
30,29,59,Zn,-47215.678,0.759
22,38,60,Ti,-22099.698,240.325
23,37,60,V,-33087.402,181.946
24,36,60,Cr,-46908.5,1.118
25,35,60,Mn,-52967.946,2.329
26,34,60,Fe,-61413.174,3.406
27,33,60,Co,-61650.437,0.403
28,32,60,Ni,-64473.243,0.353
29,31,60,Cu,-58345.262,1.613
30,30,60,Zn,-54174.47,0.548
23,38,61,V,-30177.121,234.92
24,37,61,Cr,-42496.502,1.863
25,36,61,Mn,-51742.13,2.329
26,35,61,Fe,-58920.503,2.608
27,34,61,Co,-62898.179,0.839
28,33,61,Ni,-64222.029,0.355
29,32,61,Cu,-61984.063,0.951
30,31,61,Zn,-56348.906,15.899
31,30,61,Ga,-47134.662,37.994
23,39,62,V,-25213.164,264.287
24,38,62,Cr,-40852.611,3.447
25,37,62,Mn,-48523.965,6.542
26,36,62,Fe,-58878.057,2.794
27,35,62,Co,-61424.399,18.574
28,34,62,Ni,-66746.44,0.425
29,33,62,Cu,-62787.543,0.637
30,32,62,Zn,-61168.088,0.615
31,31,62,Ga,-51987.022,0.637
23,40,63,V,-21740.141,339.995
24,39,63,Cr,-36178.299,72.657
25,38,63,Mn,-46887.061,3.726
26,37,63,Fe,-55635.629,4.302
27,36,63,Co,-61851.553,18.575
28,35,63,Ni,-65512.891,0.426
29,34,63,Cu,-65579.868,0.426
30,33,63,Zn,-62213.429,1.56
31,32,63,Ga,-56547.1,1.304
32,31,63,Ge,-46921.221,37.26
24,40,64,Cr,-33639.978,299.941
25,39,64,Mn,-42989.04,3.54
26,38,64,Fe,-54969.552,5.017
27,37,64,Co,-59792.442,20.005
28,36,64,Ni,-67099.034,0.463
29,35,64,Cu,-65424.418,0.427
30,34,64,Zn,-66004.018,0.644
31,33,64,Ga,-58832.827,1.429
32,32,64,Ge,-54315.503,3.726
25,40,65,Mn,-40967.344,3.726
26,39,65,Fe,-51217.902,5.112
27,38,65,Co,-59185.205,2.083
28,37,65,Ni,-65125.796,0.483
29,36,65,Cu,-67263.677,0.643
30,35,65,Zn,-65912.024,0.646
31,34,65,Ga,-62657.486,0.791
32,33,65,Ge,-56478.223,2.165
33,32,65,As,-46937.056,84.766
25,41,66,Mn,-36750.392,11.178
26,40,66,Fe,-50067.847,4.099
27,39,66,Co,-56408.541,13.972
28,38,66,Ni,-66006.293,1.397
29,37,66,Cu,-66258.289,0.649
30,36,66,Zn,-68899.229,0.744
31,35,66,Ga,-63723.729,1.092
32,34,66,Ge,-61607.041,2.401
33,33,66,As,-52025.084,5.682
26,41,67,Fe,-45708.416,3.819
27,40,67,Co,-55321.783,6.443
28,39,67,Ni,-63742.688,2.888
29,38,67,Cu,-67319.553,0.892
30,37,67,Zn,-67880.376,0.755
31,36,67,Ga,-66879.156,1.176
32,35,67,Ge,-62673.718,4.319
33,34,67,As,-56587.232,0.443
34,33,67,Se,-46580.294,67.068
27,41,68,Co,-51642.591,3.859
28,40,68,Ni,-63463.822,2.981
29,39,68,Cu,-65567.043,1.584
30,38,68,Zn,-70007.154,0.778
31,37,68,Ga,-67086.054,1.43
32,36,68,Ge,-66978.799,1.876
33,35,68,As,-58894.527,1.846
34,34,68,Se,-54189.449,0.496
27,42,69,Co,-50385.447,85.697
28,41,69,Ni,-59978.656,3.726
29,40,69,Cu,-65736.221,1.397
30,39,69,Zn,-68417.906,0.795
31,38,69,Ga,-69327.82,1.197
32,37,69,Ge,-67100.674,1.318
33,36,69,As,-63112.181,31.999
34,35,69,Se,-56434.714,1.49
35,34,69,Br,-46259.478,42.003
27,43,70,Co,-46524.963,10.992
28,42,70,Ni,-59213.868,2.144
29,41,70,Cu,-62976.381,1.082
30,40,70,Zn,-69564.748,1.918
31,39,70,Ga,-68910.15,1.201
32,38,70,Ge,-70562.036,0.82
33,37,70,As,-64333.973,1.397
34,36,70,Se,-61929.9,1.584
35,35,70,Br,-51425.627,14.904
27,44,71,Co,-44369.93,465.03
28,43,71,Ni,-55406.236,2.237
29,42,71,Cu,-62711.134,1.49
30,41,71,Zn,-67328.786,2.654
31,40,71,Ga,-70139.127,0.811
32,39,71,Ge,-69906.657,0.815
33,38,71,As,-67893.257,4.163
34,37,71,Se,-63146.515,2.794
35,36,71,Br,-56502.426,5.402
36,35,71,Kr,-46327.211,128.769
28,44,72,Ni,-54226.068,2.237
29,43,72,Cu,-59783.006,1.397
30,42,72,Zn,-68145.495,2.142
31,41,72,Ga,-68588.284,0.818
32,40,72,Ge,-72585.91,0.076
33,39,72,As,-68229.808,4.083
34,38,72,Se,-67868.189,1.956
35,37,72,Br,-59061.75,1.025
36,36,72,Kr,-53940.582,8.011
28,45,73,Ni,-50108.159,2.423
29,44,73,Cu,-58987.445,1.942
30,43,73,Zn,-65593.411,1.863
31,42,73,Ga,-69699.343,1.677
32,41,73,Ge,-71297.532,0.057
33,40,73,As,-70952.757,3.853
34,39,73,Se,-68227.396,7.424
35,38,73,Br,-63645.787,6.741
36,37,73,Kr,-56551.758,6.578
37,36,73,Rb,-46011.611,40.794
29,45,74,Cu,-56006.213,6.148
30,44,74,Zn,-65756.72,2.515
31,43,74,Ga,-68049.626,2.994
32,42,74,Ge,-73422.451,0.013
33,41,74,As,-70860.064,1.693
34,40,74,Se,-72213.21,0.015
35,39,74,Br,-65288.161,5.835
36,38,74,Kr,-62331.844,2.013
37,37,74,Rb,-51916.016,3.027
29,46,75,Cu,-54470.219,0.718
30,45,75,Zn,-62558.916,1.956
31,44,75,Ga,-68460.639,0.671
32,43,75,Ge,-71856.973,0.052
33,42,75,As,-73034.203,0.884
34,41,75,Se,-72169.489,0.073
35,40,75,Br,-69107.02,4.285
36,39,75,Kr,-64323.632,8.104
37,38,75,Rb,-57218.702,1.18
38,37,75,Sr,-46618.702,220.003
29,47,76,Cu,-50981.627,0.913
30,46,76,Zn,-62303.024,1.456
31,45,76,Ga,-66296.648,1.956
32,44,76,Ge,-73212.898,0.018
33,43,76,As,-72291.384,0.886
34,42,76,Se,-75251.959,0.016
35,41,76,Br,-70289.078,9.322
36,40,76,Kr,-69013.706,4.013
37,39,76,Rb,-60479.089,0.938
38,38,76,Sr,-54247.645,34.465
29,48,77,Cu,-48862.828,1.211
30,47,77,Zn,-58789.203,1.973
31,46,77,Ga,-65992.352,2.422
32,45,77,Ge,-71212.87,0.053
33,44,77,As,-73916.334,1.692
34,43,77,Se,-74599.497,0.062
35,42,77,Br,-73234.818,2.811
36,41,77,Kr,-70169.451,1.956
37,40,77,Rb,-64830.5,1.304
38,39,77,Sr,-57803.443,7.918
29,49,78,Cu,-44789.474,13.332
30,48,78,Zn,-57483.242,1.944
31,47,78,Ga,-63704.085,1.051
32,46,78,Ge,-71862.058,3.536
33,45,78,As,-72816.97,9.779
34,44,78,Se,-77025.952,0.179
35,43,78,Br,-73452.168,3.58
36,42,78,Kr,-74178.283,0.307
37,41,78,Rb,-66935.427,3.237
38,40,78,Sr,-63173.949,7.452
29,50,79,Cu,-42408.039,104.979
30,49,79,Zn,-53432.302,2.225
31,48,79,Ga,-62548.355,1.208
32,47,79,Ge,-69527.18,37.161
33,46,79,As,-73636.081,5.325
34,45,79,Se,-75917.466,0.223
35,44,79,Br,-76068.067,1.001
36,43,79,Kr,-74442.29,3.48
37,42,79,Rb,-70802.778,1.943
38,41,79,Sr,-65479.664,7.421
39,40,79,Y,-57802.935,80.108
30,50,80,Zn,-51648.619,2.585
31,49,80,Ga,-59223.675,2.891
32,48,80,Ge,-69535.314,2.054
33,47,80,As,-72214.601,3.333
34,46,80,Se,-77759.487,0.947
35,45,80,Br,-75889.025,0.993
36,44,80,Kr,-77893.455,0.695
37,43,80,Rb,-72175.476,1.863
38,42,80,Sr,-70311.467,3.464
39,41,80,Y,-61148.162,6.242
30,51,81,Zn,-46199.669,5.03
31,50,81,Ga,-57627.962,3.264
32,49,81,Ge,-66291.695,2.055
33,48,81,As,-72533.314,2.644
34,47,81,Se,-76389.019,0.977
35,46,81,Br,-77977.051,0.978
36,45,81,Kr,-77696.199,1.074
37,44,81,Rb,-75456.704,4.904
38,43,81,Sr,-71528.134,3.128
39,42,81,Y,-65712.919,5.405
40,41,81,Zr,-57524.418,92.218
30,52,82,Zn,-42313.96,3.074
31,51,82,Ga,-52930.725,2.426
32,50,82,Ge,-65415.075,2.24
33,49,82,As,-70105.427,3.729
34,48,82,Se,-77593.895,0.466
35,47,82,Br,-77498.677,0.971
36,46,82,Kr,-80591.79509,0.00551
37,45,82,Rb,-76187.813,3.009
38,44,82,Sr,-76010.062,5.992
39,43,82,Y,-68064.097,5.499
40,42,82,Zr,-63614.063,1.584
31,52,83,Ga,-49257.129,2.612
32,51,83,Ge,-60976.442,2.427
33,50,83,As,-69669.331,2.799
34,49,83,Se,-75340.543,3.036
35,48,83,Br,-79013.721,3.795
36,47,83,Kr,-79990.643,0.009
37,46,83,Rb,-79070.639,2.329
38,45,83,Sr,-76797.616,6.834
39,44,83,Y,-72205.672,18.631
40,43,83,Zr,-65911.659,6.43
41,42,83,Nb,-57612.91,162.08
31,53,84,Ga,-44094.136,29.808
32,52,84,Ge,-58148.435,3.171
33,51,84,As,-65853.568,3.171
34,50,84,Se,-75947.731,1.961
35,49,84,Br,-77783.094,25.73
36,48,84,Kr,-82439.34527,0.00382
37,47,84,Rb,-79758.975,2.194
38,46,84,Sr,-80649.58,1.243
39,45,84,Y,-73894.439,4.299
40,44,84,Zr,-71421.692,5.499
41,43,84,Nb,-61193.842,0.401
31,54,85,Ga,-39744.059,37.26
32,53,85,Ge,-53123.427,3.729
33,52,85,As,-63189.152,3.078
34,51,85,Se,-72413.645,2.613
35,50,85,Br,-78575.478,3.078
36,49,85,Kr,-81480.341,2.0
37,48,85,Rb,-82167.34065,0.005
38,47,85,Sr,-81103.29,2.813
39,46,85,Y,-77842.131,18.965
40,45,85,Zr,-73175.196,6.43
41,44,85,Nb,-66279.684,4.099
42,43,85,Mo,-57509.76,15.835
32,54,86,Ge,-49399.927,437.802
33,53,86,As,-58962.15,3.45
34,52,86,Se,-70503.175,2.52
35,51,86,Br,-75632.261,3.078
36,50,86,Kr,-83265.67593,0.00372
37,49,86,Rb,-82747.003,0.2
38,48,86,Sr,-84523.09977,0.00524
39,47,86,Y,-79283.1,14.142
40,46,86,Zr,-77969.023,3.566
41,45,86,Nb,-69134.061,5.499
42,44,86,Mo,-64110.927,2.932
33,54,87,As,-55617.914,2.985
34,53,87,Se,-66426.133,2.241
35,52,87,Br,-73891.685,3.171
36,51,87,Kr,-80709.531,0.246
37,50,87,Rb,-84597.802,0.006
38,49,87,Sr,-84880.07643,0.00513
39,48,87,Y,-83018.387,1.128
40,47,87,Zr,-79347.147,4.146
41,46,87,Nb,-73874.493,6.802
42,45,87,Mo,-66884.817,2.857
43,44,87,Tc,-57690.052,4.192
34,54,88,Se,-63884.203,3.357
35,53,88,Br,-70715.967,3.171
36,52,88,Kr,-79691.295,2.608
37,51,88,Rb,-82609.004,0.159
38,50,88,Sr,-87921.62876,0.00561
39,49,88,Y,-84299.029,1.5
40,48,88,Zr,-83628.874,5.403
41,47,88,Nb,-76171.555,57.808
42,46,88,Mo,-72686.553,3.819
43,45,88,Tc,-61670.301,4.099
34,55,89,Se,-58992.398,3.729
35,54,89,Br,-68274.271,3.264
36,53,89,Kr,-76535.795,2.142
37,52,89,Rb,-81712.399,5.427
38,51,89,Sr,-86209.026,0.092
39,50,89,Y,-87711.202,0.339
40,49,89,Zr,-84877.974,2.78
41,48,89,Nb,-80625.755,23.63
42,47,89,Mo,-75014.944,3.912
43,46,89,Tc,-67394.857,3.819
44,45,89,Ru,-58369.424,24.219
34,56,90,Se,-55800.223,329.749
35,55,90,Br,-64000.306,3.357
36,54,90,Kr,-74959.259,1.863
37,53,90,Rb,-79365.573,6.452
38,52,90,Sr,-85950.945,1.449
39,51,90,Y,-86496.912,0.354
40,50,90,Zr,-88772.547,0.118
41,49,90,Nb,-82661.531,3.317
42,48,90,Mo,-80172.514,3.463
43,47,90,Tc,-70724.696,1.025
44,46,90,Ru,-64883.801,3.73
34,57,91,Se,-50580.13,433.145
35,56,91,Br,-61107.301,3.543
36,55,91,Kr,-70973.974,2.236
37,54,91,Rb,-77745.049,7.801
38,53,91,Sr,-83651.95,5.453
39,52,91,Y,-86351.321,1.843
40,51,91,Zr,-87895.592,0.095
41,50,91,Nb,-86638.028,2.926
42,49,91,Mo,-82208.834,6.238
43,48,91,Tc,-75986.657,2.363
44,47,91,Ru,-68239.833,2.221
35,57,92,Br,-56232.812,6.709
36,56,92,Kr,-68769.329,2.701
37,55,92,Rb,-74772.45,6.123
38,54,92,Sr,-82867.371,3.423
39,53,92,Y,-84816.494,9.127
40,52,92,Zr,-88459.024,0.094
41,51,92,Nb,-86453.29,1.784
42,50,92,Mo,-86808.587,0.157
43,49,92,Tc,-78925.703,3.102
44,48,92,Ru,-74301.211,2.718
45,47,92,Rh,-62999.095,4.378
46,46,92,Pd,-54779.095,345.028
35,58,93,Br,-52890.235,430.816
36,57,93,Kr,-64136.002,2.515
37,56,93,Rb,-72619.9,7.83
38,55,93,Sr,-80085.844,7.554
39,54,93,Y,-84227.155,10.488
40,53,93,Zr,-87122.028,0.456
41,52,93,Nb,-87212.84,1.49
42,51,93,Mo,-86807.079,0.181
43,50,93,Tc,-83606.116,1.012
44,49,93,Ru,-77216.723,2.065
45,48,93,Rh,-69011.81,2.629
46,47,93,Pd,-58981.81,370.009
36,58,94,Kr,-61347.78,12.109
37,57,94,Rb,-68562.791,2.029
38,56,94,Sr,-78845.721,1.663
39,55,94,Y,-82351.473,6.38
40,54,94,Zr,-87269.332,0.164
41,53,94,Nb,-86369.063,1.491
42,52,94,Mo,-88414.079,0.141
43,51,94,Tc,-84158.332,4.071
44,50,94,Ru,-82583.602,3.143
45,49,94,Rh,-72907.623,3.379
46,48,94,Pd,-66102.281,4.287
36,59,95,Kr,-56158.92,18.63
37,58,95,Rb,-65890.307,20.245
38,57,95,Sr,-75117.284,5.81
39,56,95,Y,-81207.937,6.779
40,55,95,Zr,-85659.94,0.869
41,54,95,Nb,-86786.272,0.508
42,53,95,Mo,-87711.872,0.123
43,52,95,Tc,-86021.355,5.08
44,51,95,Ru,-83457.759,9.502
45,50,95,Rh,-78340.616,3.886
46,49,95,Pd,-69965.913,3.031
36,60,96,Kr,-53081.682,19.277
37,59,96,Rb,-61354.351,3.353
38,58,96,Sr,-72918.248,8.466
39,57,96,Y,-78329.986,6.075
40,56,96,Zr,-85438.86,0.114
41,55,96,Nb,-85602.83,0.147
42,54,96,Mo,-88794.889,0.12
43,53,96,Tc,-85821.648,5.146
44,52,96,Ru,-86080.385,0.17
45,51,96,Rh,-79687.732,10.001
46,50,96,Pd,-76183.42,4.194
47,49,96,Ag,-64511.645,90.084
36,61,97,Kr,-47423.499,130.409
37,60,97,Rb,-58519.145,1.912
38,59,97,Sr,-68580.674,3.385
39,58,97,Y,-76115.455,6.708
40,57,97,Zr,-82936.693,0.121
41,56,97,Nb,-85602.797,4.244
42,55,97,Mo,-87544.7,0.165
43,54,97,Tc,-87224.436,4.118
44,53,97,Ru,-86120.564,2.763
45,52,97,Rh,-82597.564,35.463
46,51,97,Pd,-77805.852,4.844
47,50,97,Ag,-70904.027,12.016
48,49,97,Cd,-60734.027,420.172
37,61,98,Rb,-54369.152,16.083
38,60,98,Sr,-66422.389,3.226
39,59,98,Y,-72288.748,7.919
40,58,98,Zr,-81281.757,8.445
41,57,98,Nb,-83524.612,5.001
42,56,98,Mo,-88115.98,0.174
43,55,98,Tc,-86432.214,3.38
44,54,98,Ru,-88224.871,6.463
45,53,98,Rh,-83175.219,11.906
46,52,98,Pd,-81320.985,4.742
47,51,98,Ag,-73066.425,32.907
48,50,98,Cd,-67636.425,51.797
37,62,99,Rb,-51121.15,4.031
38,61,99,Sr,-62518.527,4.737
39,60,99,Y,-70643.73,6.615
40,59,99,Zr,-77616.67,10.499
41,58,99,Nb,-82335.344,12.004
42,57,99,Mo,-85970.106,0.229
43,56,99,Tc,-87327.869,0.908
44,55,99,Ru,-87625.385,0.343
45,54,99,Rh,-85584.522,19.451
46,53,99,Pd,-82182.861,5.107
47,52,99,Ag,-76712.483,6.265
48,51,99,Cd,-69931.132,1.584
37,63,100,Rb,-46265.884,13.124
38,62,100,Sr,-59817.505,6.918
39,61,100,Y,-67321.241,11.179
40,60,100,Zr,-76372.736,8.143
41,59,100,Nb,-79791.246,7.976
42,58,100,Mo,-86193.029,0.301
43,57,100,Tc,-86020.951,1.351
44,56,100,Ru,-89227.391,0.342
45,55,100,Rh,-85591.13,18.125
46,54,100,Pd,-85212.672,17.637
47,53,100,Ag,-78137.969,5.0
48,52,100,Cd,-74194.595,1.677
49,51,100,In,-64178.146,2.236
50,50,100,Sn,-57148.146,240.01
37,64,101,Rb,-42567.417,20.493
38,63,101,Sr,-55324.914,8.48
39,62,101,Y,-65054.787,7.08
40,61,101,Zr,-73160.987,8.332
41,60,101,Nb,-78891.488,3.749
42,59,101,Mo,-83519.952,0.308
43,58,101,Tc,-86344.593,24.004
44,57,101,Ru,-87958.113,0.413
45,56,101,Rh,-87412.428,5.841
46,55,101,Pd,-85432.145,4.588
47,54,101,Ag,-81334.384,4.838
48,53,101,Cd,-75836.466,1.49
49,52,101,In,-68544.901,11.662
50,51,101,Sn,-60305.624,300.005
37,65,102,Rb,-37252.312,82.903
38,64,102,Sr,-52159.311,67.068
39,63,102,Y,-61172.641,4.081
40,62,102,Zr,-71581.427,8.758
41,61,102,Nb,-76298.265,2.511
42,60,102,Mo,-83560.866,8.305
43,59,102,Tc,-84572.921,9.166
44,58,102,Ru,-89106.435,0.416
45,57,102,Rh,-86783.316,6.41
46,56,102,Pd,-87902.963,0.419
47,55,102,Ag,-82246.702,8.171
48,54,102,Cd,-79659.702,1.662
49,53,102,In,-70694.896,4.573
50,52,102,Sn,-64934.896,100.105
39,64,103,Y,-58457.034,11.206
40,63,103,Zr,-67808.993,9.223
41,62,103,Nb,-75028.667,3.935
42,61,103,Mo,-80954.331,9.223
43,60,103,Tc,-84603.92,9.81
44,59,103,Ru,-87267.168,0.441
45,58,103,Rh,-88031.705,2.301
46,57,103,Pd,-87456.98,0.878
47,56,103,Ag,-84802.702,4.099
48,55,103,Cd,-80651.626,1.811
49,54,103,In,-74632.397,8.98
40,64,104,Zr,-65717.66,9.316
41,63,104,Nb,-71810.997,1.784
42,62,104,Mo,-80343.748,8.911
43,61,104,Tc,-82498.969,24.886
44,60,104,Ru,-88095.763,2.498
45,59,104,Rh,-86959.344,2.303
46,58,104,Pd,-89395.123,1.336
47,57,104,Ag,-85116.47,4.217
48,56,104,Cd,-83968.391,1.673
49,55,104,In,-76182.675,5.775
50,54,104,Sn,-71627.057,5.745
52,52,104,Te,-49626.831,317.609
40,65,105,Zr,-61458.274,12.11
41,64,105,Nb,-69915.547,4.028
42,63,105,Mo,-77330.788,9.055
43,62,105,Tc,-82286.303,35.263
44,61,105,Ru,-85934.543,2.499
45,60,105,Rh,-87851.27,2.502
46,59,105,Pd,-88417.905,1.138
47,58,105,Ag,-87070.848,4.544
48,57,105,Cd,-84333.849,1.392
49,56,105,In,-79640.582,10.246
50,55,105,Sn,-73338.001,3.971
51,54,105,Sb,-64015.491,21.827
52,53,105,Te,-52811.509,300.02
41,65,106,Nb,-66202.678,1.416
42,64,106,Mo,-76128.003,9.13
43,63,106,Tc,-79776.253,12.25
44,62,106,Ru,-86323.253,5.391
45,61,106,Rh,-86362.656,5.39
46,60,106,Pd,-89907.543,1.106
47,59,106,Ag,-86942.399,3.016
48,58,106,Cd,-87132.153,1.104
49,57,106,In,-80608.15,12.226
50,56,106,Sn,-77353.698,5.091
51,55,106,Sb,-66473.301,7.452
52,54,106,Te,-58219.759,100.541
41,66,107,Nb,-63723.805,8.023
42,65,107,Mo,-72544.975,9.223
43,64,107,Tc,-78749.967,8.673
44,63,107,Ru,-83862.565,8.673
45,62,107,Rh,-86863.711,12.051
46,61,107,Pd,-88372.654,1.201
47,60,107,Ag,-88406.7,2.382
48,59,107,Cd,-86990.325,1.66
49,58,107,In,-83566.667,9.654
50,57,107,Sn,-78512.239,5.31
51,56,107,Sb,-70653.248,4.148
41,67,108,Nb,-59545.198,8.239
42,66,108,Mo,-70749.297,9.223
43,65,108,Tc,-75922.831,8.769
44,64,108,Ru,-83661.404,8.68
45,63,108,Rh,-85031.156,13.997
46,62,108,Pd,-89524.215,1.108
47,61,108,Ag,-87606.792,2.388
48,60,108,Cd,-89252.423,1.123
49,59,108,In,-84119.828,8.641
50,58,108,Sn,-82069.949,5.382
51,57,108,Sb,-72445.341,5.496
52,56,108,Te,-65781.676,5.411
54,54,108,Xe,-42632.357,379.497
41,68,109,Nb,-56689.8,430.816
42,67,109,Mo,-66659.285,11.179
43,66,109,Tc,-74282.828,9.669
44,65,109,Ru,-80738.455,8.954
45,64,109,Rh,-84999.251,4.04
46,63,109,Pd,-87606.484,1.114
47,62,109,Ag,-88719.431,1.287
48,61,109,Cd,-88504.33,1.536
49,60,109,In,-86489.526,3.969
50,59,109,Sn,-82630.18,7.949
51,58,109,Sb,-76250.986,5.265
52,57,109,Te,-67715.399,4.382
53,56,109,I,-57672.505,6.729
54,55,109,Xe,-46169.546,300.108
41,69,110,Nb,-52309.914,838.345
42,68,110,Mo,-64535.814,24.219
43,67,110,Tc,-71034.564,9.497
44,66,110,Ru,-80072.629,8.924
45,65,110,Rh,-82828.693,17.805
46,64,110,Pd,-88330.904,0.612
47,63,110,Ag,-87457.306,1.286
48,62,110,Cd,-90347.969,0.38
49,61,110,In,-86469.969,11.553
50,60,110,Sn,-85841.993,13.777
51,59,110,Sb,-77449.745,5.962
52,58,110,Te,-72229.821,6.575
53,57,110,I,-60467.844,61.94
54,56,110,Xe,-51922.636,100.988
42,69,111,Mo,-59939.813,12.578
43,68,111,Tc,-69024.675,10.582
44,67,111,Ru,-76785.325,9.682
45,66,111,Rh,-82303.871,6.853
46,65,111,Pd,-85985.886,0.731
47,64,111,Ag,-88215.447,1.459
48,63,111,Cd,-89252.247,0.357
49,62,111,In,-88392.05,3.424
50,61,111,Sn,-85938.581,5.336
51,60,111,Sb,-80836.747,8.849
52,59,111,Te,-73587.487,6.427
53,58,111,I,-64953.795,4.754
43,69,112,Tc,-65258.932,5.515
44,68,112,Ru,-75630.873,9.6
45,67,112,Rh,-79731.052,44.085
46,66,112,Pd,-86321.039,6.546
47,65,112,Ag,-86583.729,2.422
48,64,112,Cd,-90574.857,0.25
49,63,112,In,-87990.127,4.251
50,62,112,Sn,-88655.049,0.294
51,61,112,Sb,-81598.973,17.829
52,60,112,Te,-77567.518,8.383
53,59,112,I,-67063.339,10.246
54,58,112,Xe,-60026.348,8.283
43,70,113,Tc,-62811.549,3.353
44,69,113,Ru,-71867.816,38.282
45,68,113,Rh,-78766.944,7.132
46,67,113,Pd,-83590.5,6.947
47,66,113,Ag,-87026.825,16.643
48,65,113,Cd,-89043.286,0.245
49,64,113,In,-89367.123,0.188
50,63,113,Sn,-88328.129,1.575
51,62,113,Sb,-84416.966,17.193
52,61,113,Te,-78347.037,27.945
53,60,113,I,-71119.517,8.011
54,59,113,Xe,-62203.626,6.84
55,58,113,Cs,-51764.539,8.577
43,71,114,Tc,-58600.294,433.145
44,70,114,Ru,-70221.213,3.556
45,69,114,Rh,-75710.275,71.561
46,68,114,Pd,-83490.346,6.948
47,67,114,Ag,-84930.811,4.564
48,66,114,Cd,-90014.934,0.276
49,65,114,In,-88569.807,0.301
50,64,114,Sn,-90559.735,0.029
51,63,114,Sb,-84496.616,19.772
52,62,114,Te,-81889.676,24.428
53,61,114,I,-72638.935,20.027
54,60,114,Xe,-67085.899,11.178
55,59,114,Cs,-54685.928,85.068
56,58,114,Ba,-45905.437,102.676
44,71,115,Ru,-66105.296,25.166
45,70,115,Rh,-74229.228,7.319
46,69,115,Pd,-80425.822,13.547
47,68,115,Ag,-84982.587,18.268
48,67,115,Cd,-88084.48,0.651
49,66,115,In,-89536.357,0.012
50,65,115,Sn,-90033.846,0.015
51,64,115,Sb,-87003.412,16.025
52,63,115,Te,-82062.767,27.945
53,62,115,I,-76337.805,28.876
54,61,115,Xe,-68656.757,12.109
44,72,116,Ru,-64068.917,3.726
45,71,116,Rh,-70735.742,73.832
46,70,116,Pd,-79831.026,7.135
47,69,116,Ag,-82542.664,3.26
48,68,116,Cd,-88712.489,0.16
49,67,116,In,-88249.758,0.22
50,66,116,Sn,-91525.979,0.096
51,65,116,Sb,-86822.02,5.154
52,64,116,Te,-85263.793,24.206
53,63,116,I,-77420.654,75.037
54,62,116,Xe,-73046.877,13.017
44,73,117,Ru,-59489.871,433.145
45,72,117,Rh,-68896.758,8.895
46,71,117,Pd,-76423.89,7.255
47,70,117,Ag,-82181.918,13.572
48,69,117,Cd,-86418.397,1.013
49,68,117,In,-88943.035,4.881
50,67,117,Sn,-90397.742,0.483
51,66,117,Sb,-88639.564,8.437
52,65,117,Te,-85095.5,13.455
53,64,117,I,-80438.568,25.558
54,63,117,Xe,-74185.347,10.378
55,62,117,Cs,-66493.101,62.41
56,61,117,Ba,-57457.906,250.339
45,73,118,Rh,-64886.84,24.236
46,72,118,Pd,-75388.358,2.494
47,71,118,Ag,-79553.802,2.515
48,70,118,Cd,-86701.649,20.001
49,69,118,In,-87228.177,7.752
50,68,118,Sn,-91652.843,0.499
51,67,118,Sb,-87996.204,3.016
52,66,118,Te,-87690.758,18.306
53,65,118,I,-80971.056,19.76
54,64,118,Xe,-78079.067,10.378
55,63,118,Cs,-68409.377,12.753
45,74,119,Rh,-62822.802,9.315
46,73,119,Pd,-71407.277,8.248
47,72,119,Ag,-78645.759,14.703
48,71,119,Cd,-83976.939,37.695
49,70,119,In,-87698.658,7.31
50,69,119,Sn,-90064.985,0.725
51,68,119,Sb,-89475.539,6.998
52,67,119,Te,-87182.539,7.278
53,66,119,I,-83777.731,21.706
54,65,119,Xe,-78794.488,10.378
55,64,119,Cs,-72305.061,13.94
56,63,119,Ba,-64590.096,200.269
46,74,120,Pd,-70279.604,2.296
47,73,120,Ag,-75651.512,4.471
48,72,120,Cd,-83957.365,3.726
49,71,120,In,-85727.741,40.011
50,70,120,Sn,-91097.741,0.92
51,69,120,Sb,-88417.133,7.199
52,68,120,Te,-89362.16,1.751
53,67,120,I,-83747.16,15.102
54,66,120,Xe,-82172.434,11.817
55,65,120,Cs,-73888.649,9.97
56,64,120,Ba,-68888.649,300.166
45,76,121,Rh,-56250.134,619.444
46,75,121,Pd,-66182.337,3.353
47,74,121,Ag,-74402.831,12.109
48,73,121,Cd,-81073.837,1.942
49,72,121,In,-85834.593,27.419
50,71,121,Sn,-89196.626,0.978
51,70,121,Sb,-89599.157,2.506
52,69,121,Te,-88543.111,25.835
53,68,121,I,-86245.649,4.723
54,67,121,Xe,-82480.997,10.243
55,66,121,Cs,-77102.342,14.29
56,65,121,Ba,-70744.847,141.898
46,76,122,Pd,-64616.169,19.561
47,75,122,Ag,-71106.118,38.191
48,74,122,Cd,-80612.384,2.299
49,73,122,In,-83571.361,50.06
50,72,122,Sn,-89939.953,2.448
51,71,122,Sb,-88334.205,2.503
52,70,122,Te,-90313.282,1.357
53,69,122,I,-86079.282,5.181
54,68,122,Xe,-85354.988,11.111
55,67,122,Cs,-78144.769,33.687
56,66,122,Ba,-74608.952,27.945
46,77,123,Pd,-60429.748,789.441
47,76,123,Ag,-69568.581,32.602
48,75,123,Cd,-77414.183,2.696
49,74,123,In,-83429.034,19.832
50,73,123,Sn,-87814.683,2.479
51,72,123,Sb,-89222.89,1.356
52,71,123,Te,-89170.978,1.355
53,70,123,I,-87942.588,3.686
54,69,123,Xe,-85248.258,9.534
55,68,123,Cs,-81043.657,12.109
56,67,123,Ba,-75654.963,12.109
47,77,124,Ag,-66229.951,251.503
48,76,124,Cd,-76699.436,2.609
49,75,124,In,-80867.778,30.561
50,74,124,Sn,-88231.475,1.314
51,73,124,Sb,-87619.069,1.358
52,72,124,Te,-90524.142,1.352
53,71,124,I,-87364.555,2.299
54,70,124,Xe,-87667.405,1.358
55,69,124,Cs,-81741.06,9.151
56,68,124,Ba,-79089.786,12.497
57,67,124,La,-70258.617,56.669
47,78,125,Ag,-64519.939,433.145
48,77,125,Cd,-73348.09,2.888
49,76,125,In,-80412.308,1.77
50,75,125,Sn,-85893.657,1.329
51,74,125,Sb,-88255.094,2.515
52,73,125,Te,-89021.794,1.352
53,72,125,I,-88836.024,1.353
54,71,125,Xe,-87199.361,1.415
55,70,125,Cs,-84089.742,7.736
56,69,125,Ba,-79668.976,10.992
57,68,125,La,-73759.492,25.997
48,78,126,Cd,-72255.727,2.304
49,77,126,In,-77809.377,4.192
50,76,126,Sn,-86015.135,10.688
51,75,126,Sb,-86393.135,31.847
52,74,126,Te,-90064.168,1.354
53,73,126,I,-87910.496,3.778
54,72,126,Xe,-89146.38687,0.00562
55,71,126,Cs,-84350.683,10.359
56,70,126,Ba,-82669.913,12.497
57,69,126,La,-74973.476,90.508
58,68,126,Ce,-70820.565,27.945
48,79,127,Cd,-68741.199,6.2
49,78,127,In,-76879.897,10.001
50,77,127,Sn,-83469.578,9.226
51,76,127,Sb,-86698.294,5.083
52,75,127,Te,-88280.497,1.365
53,74,127,I,-88983.217,3.621
54,73,127,Xe,-88320.883,4.088
55,72,127,Cs,-86240.027,5.578
56,71,127,Ba,-82817.955,11.357
57,70,127,La,-77896.116,26.0
58,69,127,Ce,-71979.344,28.876
48,80,128,Cd,-67238.245,6.432
49,79,128,In,-74190.117,1.322
50,78,128,Sn,-83361.43,17.682
51,77,128,Sb,-84629.852,18.788
52,76,128,Te,-88993.794,0.706
53,75,128,I,-87738.03,3.621
54,74,128,Xe,-89860.53427,0.0052
55,73,128,Cs,-85931.773,5.376
56,72,128,Ba,-85369.156,1.61
57,71,128,La,-78625.439,54.448
58,70,128,Ce,-75533.925,27.945
59,69,128,Pr,-66330.764,29.808
48,81,129,Cd,-63122.142,5.31
49,80,129,In,-72834.889,1.971
50,79,129,Sn,-80590.597,17.27
51,78,129,Sb,-84629.384,21.225
52,77,129,Te,-87004.884,0.711
53,76,129,I,-88507.176,3.153
54,75,129,Xe,-88696.06975,0.00505
55,74,129,Cs,-87499.05,4.553
56,73,129,Ba,-85060.866,10.504
57,72,129,La,-81323.541,21.343
58,71,129,Ce,-76287.504,27.945
59,70,129,Pr,-69773.566,29.808
48,82,130,Cd,-61117.597,22.356
49,81,130,In,-69906.53,1.79
50,80,130,Sn,-80132.217,1.873
51,79,130,Sb,-82285.687,14.212
52,78,130,Te,-87352.96,0.011
53,77,130,I,-86936.188,3.154
54,76,130,Xe,-89880.474,0.009
55,75,130,Cs,-86899.754,8.357
56,74,130,Ba,-87256.776,0.287
57,73,130,La,-81627.374,25.946
58,72,130,Ce,-79422.913,27.945
59,71,130,Pr,-71175.464,64.273
60,70,130,Nd,-66596.239,27.945
48,83,131,Cd,-55211.76,19.238
49,82,131,In,-68024.369,2.205
50,81,131,Sn,-77264.579,3.621
51,80,131,Sb,-81981.412,2.084
52,79,131,Te,-85211.022,0.061
53,78,131,I,-87442.727,0.605
54,77,131,Xe,-88413.57492,0.00512
55,76,131,Cs,-88055.574,0.177
56,75,131,Ba,-86678.958,0.415
57,74,131,La,-83769.265,27.945
58,73,131,Ce,-79708.448,32.802
59,72,131,Pr,-74300.664,46.995
60,71,131,Nd,-67768.04,27.517
48,84,132,Cd,-50465.429,60.068
49,83,132,In,-62411.554,60.033
50,82,132,Sn,-76546.554,1.976
51,81,132,Sb,-79635.282,2.467
52,80,132,Te,-85188.197,3.486
53,79,132,I,-85703.502,4.065
54,78,132,Xe,-89278.97451,0.00507
55,77,132,Cs,-87152.693,1.036
56,76,132,Ba,-88434.903,1.053
57,75,132,La,-83723.578,36.359
58,74,132,Ce,-82468.688,20.407
59,73,132,Pr,-75227.464,28.876
60,72,132,Nd,-71425.815,24.205
50,83,133,Sn,-70873.89,1.904
51,82,133,Sb,-78923.513,3.128
52,81,133,Te,-82937.133,2.066
53,80,133,I,-85857.302,5.902
54,79,133,Xe,-87643.583,2.4
55,78,133,Cs,-88070.943,0.008
56,77,133,Ba,-87553.512,0.992
57,76,133,La,-85494.392,27.945
58,75,133,Ce,-82418.223,16.354
59,74,133,Pr,-77937.591,12.497
60,73,133,Nd,-72332.38,46.575
61,72,133,Pm,-65407.653,50.301
50,84,134,Sn,-66433.759,3.167
51,83,134,Sb,-74019.004,3.074
52,82,134,Te,-82533.752,2.746
53,81,134,I,-84043.44,4.857
54,80,134,Xe,-88125.83443,0.00577
55,79,134,Cs,-86891.165,0.016
56,78,134,Ba,-88950.002,0.251
57,77,134,La,-85218.659,19.93
58,76,134,Ce,-84832.898,20.387
59,75,134,Pr,-78528.0,20.316
60,74,134,Nd,-75646.443,11.817
61,73,134,Pm,-66763.908,41.917
50,85,135,Sn,-60632.252,3.074
51,84,135,Sb,-69690.332,2.64
52,83,135,Te,-77728.79,1.722
53,82,135,I,-83779.18,2.06
54,81,135,Xe,-86413.365,3.668
55,80,135,Cs,-87581.956,0.364
56,79,135,Ba,-87850.655,0.245
57,78,135,La,-86643.458,9.432
58,77,135,Ce,-84616.308,10.266
59,76,135,Pr,-80935.872,11.817
60,75,135,Nd,-76213.62,19.128
61,74,135,Pm,-70062.329,82.903
62,73,135,Sm,-62857.222,154.628
51,85,136,Sb,-64506.89,5.83
52,84,136,Te,-74425.279,2.281
53,83,136,I,-79545.225,14.188
54,82,136,Xe,-86429.17,0.007
55,81,136,Cs,-86338.855,1.873
56,80,136,Ba,-88887.079,0.245
57,79,136,La,-86037.488,53.171
58,78,136,Ce,-86508.55,0.324
59,77,136,Pr,-81340.421,11.455
60,76,136,Nd,-79199.297,11.817
61,75,136,Pm,-71169.923,69.073
62,74,136,Sm,-66810.899,12.497
51,86,137,Sb,-60060.392,52.164
52,85,137,Te,-69303.762,2.1
53,84,137,I,-76356.268,8.383
54,83,137,Xe,-82383.414,0.104
55,82,137,Cs,-86545.772,0.302
56,81,137,Ba,-87721.401,0.248
57,80,137,La,-87140.865,1.64
58,79,137,Ce,-85918.765,0.36
59,78,137,Pr,-83201.814,8.135
60,77,137,Nd,-79583.969,11.725
61,76,137,Pm,-74072.858,13.041
62,75,137,Sm,-67991.655,28.614
63,74,137,Eu,-60145.904,4.378
52,86,138,Te,-65695.995,3.787
53,85,138,I,-71979.91,5.962
54,84,138,Xe,-79972.244,2.804
55,83,138,Cs,-82887.028,9.158
56,82,138,Ba,-88261.806,0.249
57,81,138,La,-86513.408,0.416
58,80,138,Ce,-87565.867,0.499
59,79,138,Pr,-83128.867,10.012
60,78,138,Nd,-82017.182,11.603
61,77,138,Pm,-74914.37,11.603
62,76,138,Sm,-71497.772,11.817
63,75,138,Eu,-61749.676,27.945
52,87,139,Te,-60205.08,3.54
53,86,139,I,-68470.964,4.005
54,85,139,Xe,-75644.586,2.142
55,84,139,Cs,-80701.088,3.134
56,83,139,Ba,-84913.918,0.253
57,82,139,La,-87222.381,0.607
58,81,139,Ce,-86957.741,2.089
59,80,139,Pr,-84828.652,3.649
60,79,139,Nd,-82016.93,27.521
61,78,139,Pm,-77501.028,13.588
62,77,139,Sm,-72380.229,10.884
63,76,139,Eu,-65398.051,13.151
52,88,140,Te,-56367.449,14.377
53,87,140,I,-63606.223,12.109
54,86,140,Xe,-72986.461,2.329
55,85,140,Cs,-77049.738,8.199
56,84,140,Ba,-83267.905,7.9
57,83,140,La,-84312.059,0.607
58,82,140,Ce,-88074.227,1.313
59,81,140,Pr,-84686.227,6.142
60,80,140,Nd,-84257.246,3.26
61,79,140,Pm,-78212.046,24.22
62,78,140,Sm,-75455.945,12.497
63,77,140,Eu,-66985.945,51.538
64,76,140,Gd,-61782.278,27.945
65,75,140,Tb,-50482.278,800.488
53,88,141,I,-59926.666,15.835
54,87,141,Xe,-68197.309,2.888
55,86,141,Cs,-74477.351,9.195
56,85,141,Ba,-79732.492,5.318
57,84,141,La,-82929.844,4.127
58,83,141,Ce,-85431.058,1.315
59,82,141,Pr,-86014.533,1.498
60,81,141,Nd,-84191.52,3.183
61,80,141,Pm,-80522.932,13.972
62,79,141,Sm,-75933.959,8.535
63,78,141,Eu,-69925.647,12.639
64,77,141,Gd,-63224.231,19.76
65,76,141,Tb,-54540.843,105.259
53,89,142,I,-54802.969,4.937
54,88,142,Xe,-65229.648,2.701
55,87,142,Cs,-70514.556,7.067
56,86,142,Ba,-77842.257,5.92
57,85,142,La,-80023.95,6.286
58,84,142,Ce,-84532.896,2.443
59,83,142,Pr,-83786.367,1.498
60,82,142,Nd,-85950.055,1.256
61,81,142,Pm,-81141.536,23.596
62,80,142,Sm,-78981.93,1.866
63,79,142,Eu,-71308.93,30.058
64,78,142,Gd,-66959.522,27.945
65,77,142,Tb,-56559.522,700.558
54,89,143,Xe,-60202.882,4.657
55,88,143,Cs,-67675.519,7.573
56,87,143,Ba,-73937.205,6.756
57,86,143,La,-78171.467,7.329
58,85,143,Ce,-81606.378,2.442
59,84,143,Pr,-83068.2,1.816
60,83,143,Nd,-84002.31,1.255
61,82,143,Pm,-82960.664,2.944
62,81,143,Sm,-79517.135,2.75
63,80,143,Eu,-74241.311,10.986
64,79,143,Gd,-68231.311,200.301
65,78,143,Tb,-60419.192,51.232
66,77,143,Dy,-52168.949,13.041
54,90,144,Xe,-56872.301,5.31
55,89,144,Cs,-63271.362,20.132
56,88,144,Ba,-71767.13,7.136
57,87,144,La,-74849.66,12.937
58,86,144,Ce,-80431.942,2.833
59,85,144,Pr,-80750.588,2.708
60,84,144,Nd,-83748.028,1.255
61,83,144,Pm,-81416.116,2.912
62,82,144,Sm,-81965.626,1.459
63,81,144,Eu,-75619.175,10.787
64,80,144,Gd,-71759.511,27.945
65,79,144,Tb,-62368.188,27.945
66,78,144,Dy,-56570.091,7.173
67,77,144,Ho,-44609.521,8.477
54,91,145,Xe,-51493.337,11.178
55,90,145,Cs,-60054.424,9.067
56,89,145,Ba,-67516.183,8.477
57,88,145,La,-72835.325,12.269
58,87,145,Ce,-77067.059,33.9
59,86,145,Pr,-79625.99,7.149
60,85,145,Nd,-81432.004,1.271
61,84,145,Pm,-81267.506,2.805
62,83,145,Sm,-80651.407,1.485
63,82,145,Eu,-77991.524,3.06
64,81,145,Gd,-72926.626,19.716
65,80,145,Tb,-66399.693,110.896
66,79,145,Dy,-58242.607,6.52
67,78,145,Ho,-49120.113,7.452
54,92,146,Xe,-47954.95,24.219
55,91,146,Cs,-55310.38,2.893
56,90,146,Ba,-64866.269,1.77
57,89,146,La,-69221.174,1.675
58,88,146,Ce,-75625.868,14.665
59,87,146,Pr,-76673.486,34.356
60,86,146,Nd,-80925.916,1.273
61,85,146,Pm,-79454.36,4.275
62,84,146,Sm,-80996.36,3.045
63,83,146,Eu,-77117.603,6.009
64,82,146,Gd,-76085.823,4.076
65,81,146,Tb,-67763.644,44.86
66,80,146,Dy,-62554.928,6.695
67,79,146,Ho,-51238.227,6.587
68,78,146,Er,-44322.019,6.705
55,92,147,Cs,-51920.073,8.383
56,91,147,Ba,-60264.036,19.748
57,90,147,La,-66678.397,10.712
58,89,147,Ce,-72013.902,8.58
59,88,147,Pr,-75444.093,15.855
60,87,147,Nd,-78146.794,1.275
61,86,147,Pm,-79041.984,1.288
62,85,147,Sm,-79266.048,1.262
63,84,147,Eu,-77544.611,2.569
64,83,147,Gd,-75356.928,1.887
65,82,147,Tb,-70742.674,8.096
66,81,147,Dy,-64196.047,8.849
67,80,147,Ho,-55757.101,5.001
68,79,147,Er,-46607.814,38.191
69,78,147,Tm,-35974.407,6.839
55,93,148,Cs,-46910.95,13.041
56,92,148,Ba,-57544.911,1.49
57,91,148,La,-62708.742,19.468
58,90,148,Ce,-70398.424,11.195
59,89,148,Pr,-72535.452,15.041
60,88,148,Nd,-77408.066,2.053
61,87,148,Pm,-76865.877,5.69
62,86,148,Sm,-79336.067,1.246
63,85,148,Eu,-76297.482,9.961
64,84,148,Gd,-76269.419,1.46
65,83,148,Tb,-70536.947,12.463
66,82,148,Dy,-67859.397,8.724
67,81,148,Ho,-57991.166,83.834
68,80,148,Er,-51478.997,10.246
69,79,148,Tm,-38765.034,10.246
56,93,149,Ba,-52830.62,2.515
57,92,149,La,-60219.921,200.262
58,91,149,Ce,-66669.921,10.246
59,90,149,Pr,-71039.373,9.874
60,89,149,Nd,-74375.535,2.054
61,88,149,Pm,-76064.404,2.184
62,87,149,Sm,-77135.898,1.157
63,86,149,Eu,-76441.317,3.903
64,85,149,Gd,-75127.173,3.31
65,84,149,Tb,-71488.639,3.629
66,83,149,Dy,-67693.99,9.183
67,82,149,Ho,-61645.854,11.985
68,81,149,Er,-53741.621,27.945
56,94,150,Ba,-49889.799,5.682
57,93,150,La,-56311.147,2.515
58,92,150,Ce,-64846.863,11.697
59,91,150,Pr,-68300.509,9.015
60,90,150,Nd,-73679.951,1.129
61,89,150,Pm,-73597.336,20.031
62,88,150,Sm,-77051.336,1.112
63,87,150,Eu,-74792.369,6.231
64,86,150,Gd,-75764.051,6.055
65,85,150,Tb,-71105.789,7.371
66,84,150,Dy,-69309.618,4.319
67,83,150,Ho,-61945.892,14.168
68,82,150,Er,-57831.323,17.194
57,94,151,La,-53310.339,435.473
58,93,151,Ce,-61225.058,17.698
59,92,151,Pr,-66779.681,11.65
60,91,151,Nd,-70943.183,1.133
61,90,151,Pm,-73386.26,4.611
62,89,151,Sm,-74576.48,1.11
63,88,151,Eu,-74653.098,1.166
64,87,151,Gd,-74188.92,2.993
65,86,151,Tb,-71623.541,4.094
66,85,151,Dy,-68752.388,3.247
67,84,151,Ho,-63622.746,8.298
68,83,151,Er,-58266.29,16.47
69,82,151,Tm,-50771.613,19.375
70,81,151,Yb,-41542.352,300.492
59,93,152,Pr,-63758.07,18.537
60,92,152,Nd,-70149.663,24.476
61,91,152,Pm,-71254.468,25.904
62,90,152,Sm,-74762.977,1.016
63,89,152,Eu,-72888.5,1.166
64,88,152,Gd,-74707.304,1.007
65,87,152,Tb,-70717.304,40.013
66,86,152,Dy,-70117.963,4.593
67,85,152,Ho,-63604.636,12.528
68,84,152,Er,-60500.218,8.83
69,83,152,Tm,-51720.279,54.027
70,82,152,Yb,-46270.386,149.708
59,94,153,Pr,-61568.49,11.882
60,93,153,Nd,-67330.38,2.747
61,92,153,Pm,-70648.003,9.063
62,91,153,Sm,-72560.059,1.025
63,90,153,Eu,-73367.466,1.171
64,89,153,Gd,-72882.944,1.002
65,88,153,Tb,-71313.61,3.947
66,87,153,Dy,-69143.197,4.001
67,86,153,Ho,-65012.074,5.066
68,85,153,Er,-60466.682,9.285
69,84,153,Tm,-53972.61,11.979
71,82,153,Lu,-38375.462,150.017
59,95,154,Pr,-57859.602,100.005
60,94,154,Nd,-65579.602,1.025
61,93,154,Pm,-68266.602,25.021
62,92,154,Sm,-72455.564,1.305
63,91,154,Eu,-71738.367,1.188
64,90,154,Gd,-73706.358,0.994
65,89,154,Tb,-70156.707,45.309
66,88,154,Dy,-70394.015,7.431
67,87,154,Ho,-64639.378,8.216
68,86,154,Er,-62604.974,4.961
69,85,154,Tm,-54427.142,14.412
70,84,154,Yb,-49932.093,17.281
59,96,155,Pr,-55415.335,17.198
60,95,155,Nd,-62283.796,9.154
61,94,155,Pm,-66940.006,4.719
62,93,155,Sm,-70191.206,1.332
63,92,155,Eu,-71818.337,1.252
64,91,155,Gd,-72070.298,0.983
65,90,155,Tb,-71250.439,9.83
66,89,155,Dy,-69155.939,9.645
67,88,155,Ho,-66039.799,17.47
68,87,155,Er,-62209.172,6.074
69,86,155,Tm,-56625.921,9.921
70,85,155,Yb,-50502.614,16.6
71,84,155,Lu,-42545.056,19.245
59,97,156,Pr,-51449.307,1.025
60,96,156,Nd,-60202.13,1.304
61,95,156,Pm,-64166.847,1.188
62,94,156,Sm,-69360.735,8.522
63,93,156,Eu,-70082.844,3.532
64,92,156,Gd,-72535.333,0.983
65,91,156,Tb,-70091.01,3.768
66,90,156,Dy,-70529.386,0.988
67,89,156,Ho,-65538.403,38.424
68,88,156,Er,-64211.683,24.629
69,87,156,Tm,-56834.417,14.279
70,86,156,Yb,-53265.538,9.308
71,85,156,Lu,-43699.55,54.122
72,84,156,Hf,-37819.514,149.74
59,98,157,Pr,-48434.806,3.167
60,97,157,Nd,-56494.117,2.137
61,96,157,Pm,-62297.116,7.006
62,95,157,Sm,-66677.654,4.434
63,94,157,Eu,-69459.134,4.234
64,93,157,Gd,-70823.896,0.977
65,92,157,Tb,-70763.848,1.018
66,91,157,Dy,-69424.669,5.154
67,90,157,Ho,-66832.862,23.469
68,89,157,Er,-63413.648,26.505
69,88,157,Tm,-58709.279,27.945
70,87,157,Yb,-53419.912,10.905
71,86,157,Lu,-46439.818,12.074
73,84,157,Ta,-29595.948,150.052
60,98,158,Nd,-53835.123,1.304
61,97,158,Pm,-59106.143,0.888
62,96,158,Sm,-65251.849,4.782
63,95,158,Eu,-67270.461,2.032
64,94,158,Gd,-70689.969,0.976
65,93,158,Tb,-69470.883,1.268
66,92,158,Dy,-70407.152,2.337
67,91,158,Ho,-66187.396,27.106
68,90,158,Er,-65303.815,25.219
69,89,158,Tm,-58703.2,25.219
70,88,158,Yb,-56009.62,7.973
71,87,158,Lu,-47212.2,15.125
72,86,158,Hf,-42102.399,17.494
60,99,159,Nd,-49724.007,29.808
61,98,159,Pm,-56554.351,10.039
62,97,159,Sm,-62207.849,5.934
63,96,159,Eu,-66043.386,4.32
64,95,159,Gd,-68561.857,0.98
65,94,159,Tb,-69532.582,1.103
66,93,159,Dy,-69167.22,1.439
67,92,159,Ho,-67329.62,3.045
68,91,159,Er,-64561.12,3.643
69,90,159,Tm,-60570.404,27.945
70,89,159,Yb,-55833.517,17.582
71,88,159,Lu,-49708.609,37.663
72,87,159,Hf,-42852.606,16.813
73,86,159,Ta,-34439.157,19.689
60,100,160,Nd,-46724.515,46.575
61,99,160,Pm,-52894.639,2.049
62,98,160,Sm,-60233.172,1.956
63,97,160,Eu,-63493.449,0.904
64,96,160,Gd,-67942.06,1.123
65,95,160,Tb,-67836.474,1.11
66,94,160,Dy,-69672.425,0.7
67,93,160,Ho,-66382.425,15.016
68,92,160,Er,-66064.176,24.246
69,91,160,Tm,-60301.037,32.686
70,90,160,Yb,-58163.227,5.496
71,89,160,Lu,-50269.942,56.821
72,88,160,Hf,-45938.747,9.54
73,87,160,Ta,-35823.7,54.316
74,86,160,W,-29329.073,149.81
61,100,161,Pm,-50086.589,9.035
62,99,161,Sm,-56672.043,6.817
63,98,161,Eu,-61791.601,10.4
64,97,161,Gd,-65506.142,1.504
65,96,161,Tb,-67461.778,1.218
66,95,161,Dy,-68055.494,0.697
67,94,161,Ho,-67196.294,2.151
68,93,161,Er,-65201.298,8.774
69,92,161,Tm,-61898.715,27.945
70,91,161,Yb,-57834.248,15.101
71,90,161,Lu,-52562.349,27.945
72,89,161,Hf,-46315.817,23.45
73,88,161,Ta,-38778.575,24.381
75,86,161,Re,-20842.82,149.905
62,100,162,Sm,-54379.053,3.523
63,99,162,Eu,-58722.944,1.314
64,98,162,Gd,-64280.72,3.963
65,97,162,Tb,-65879.548,2.049
66,96,162,Dy,-68181.169,0.695
67,95,162,Ho,-66040.563,3.102
68,94,162,Er,-66334.21,0.756
69,93,162,Tm,-61477.482,26.058
70,92,162,Yb,-59821.163,15.103
71,91,162,Lu,-52831.759,75.036
72,90,162,Hf,-49168.426,8.952
73,89,162,Ta,-39781.405,63.322
74,88,162,W,-33999.217,17.657
62,101,163,Sm,-50599.612,7.359
63,100,163,Eu,-56573.819,0.904
64,99,163,Gd,-61388.591,0.797
65,98,163,Tb,-64595.754,4.06
66,97,163,Dy,-66380.858,0.693
67,96,163,Ho,-66378.027,0.693
68,95,163,Er,-65167.413,4.628
69,94,163,Tm,-62728.413,5.515
70,93,163,Yb,-59293.878,15.105
71,92,163,Lu,-54791.415,27.945
72,91,163,Hf,-49269.32,25.693
73,90,163,Ta,-42534.634,38.061
74,89,163,W,-34908.439,58.426
75,88,163,Re,-26002.253,18.534
62,102,164,Sm,-47925.314,4.099
63,101,164,Eu,-53232.146,2.068
64,100,164,Gd,-59693.688,1.0
65,99,164,Tb,-62104.983,1.863
66,98,164,Dy,-65967.649,0.695
67,97,164,Ho,-64980.517,1.39
68,96,164,Er,-65942.573,0.704
69,95,164,Tm,-61908.943,25.006
70,94,164,Yb,-61012.171,15.106
71,93,164,Lu,-54642.376,27.945
72,92,164,Hf,-51818.356,15.812
73,91,164,Ta,-43282.805,27.945
74,90,164,W,-38235.555,9.673
75,89,164,Re,-27472.441,54.555
76,88,164,Os,-20424.723,149.903
63,102,165,Eu,-50729.103,5.213
64,101,165,Gd,-56525.782,1.304
65,100,165,Tb,-60588.849,1.541
66,99,165,Dy,-63612.289,0.697
67,98,165,Ho,-64898.017,0.786
68,97,165,Er,-64521.353,0.918
69,96,165,Tm,-62930.024,1.658
70,95,165,Yb,-60295.388,26.539
71,94,165,Lu,-56442.248,26.539
72,93,165,Hf,-51635.513,27.945
73,92,165,Ta,-45847.872,13.573
74,91,165,W,-38861.316,25.756
75,90,165,Re,-30659.353,23.593
64,102,166,Gd,-54370.926,1.584
65,101,166,Tb,-57808.778,1.463
66,100,166,Dy,-62584.471,0.804
67,99,166,Ho,-63070.339,0.786
68,98,166,Er,-64924.145,0.334
69,97,166,Tm,-61886.478,11.552
70,96,166,Yb,-61593.706,7.001
71,95,166,Lu,-56020.987,29.808
72,94,166,Hf,-53858.989,27.945
73,93,166,Ta,-46097.78,27.945
74,92,166,W,-41887.471,9.463
75,91,166,Re,-31837.335,88.242
76,90,166,Os,-25431.526,17.966
64,103,167,Gd,-50775.732,5.213
65,102,167,Tb,-55883.082,1.929
66,101,167,Dy,-59911.451,4.005
67,100,167,Ho,-62279.459,5.189
68,99,167,Er,-63289.256,0.286
69,98,167,Tm,-62543.117,1.258
70,97,167,Yb,-60589.9,3.96
71,96,167,Lu,-57526.281,37.26
72,95,167,Hf,-53467.761,27.945
73,94,167,Ta,-48351.064,27.945
74,93,167,W,-42093.212,18.703
76,91,167,Os,-26498.86,80.892
77,90,167,Ir,-17072.448,18.346
65,103,168,Tb,-52781.181,4.192
66,102,168,Dy,-58558.398,140.007
67,101,168,Ho,-60059.231,30.001
68,100,168,Er,-62989.231,0.262
69,99,168,Tm,-61312.379,1.677
70,98,168,Yb,-61579.867,0.093
71,97,168,Lu,-57072.832,37.973
72,96,168,Hf,-55360.557,27.945
73,95,168,Ta,-48393.913,27.945
74,94,168,W,-44892.93,13.259
75,93,168,Re,-35794.889,30.821
76,92,168,Os,-29994.995,9.903
77,91,168,Ir,-18666.23,55.216
78,90,168,Pt,-11010.078,149.934
66,103,169,Dy,-55596.01,300.669
67,102,169,Ho,-58796.01,20.048
68,101,169,Er,-60921.163,0.304
69,100,169,Tm,-61274.654,0.738
70,99,169,Yb,-60375.527,0.178
71,98,169,Lu,-58082.527,3.005
72,97,169,Hf,-54716.895,27.945
73,96,169,Ta,-50290.435,27.945
74,95,169,W,-44917.866,15.436
75,94,169,Re,-38409.247,11.369
76,93,169,Os,-30722.984,25.94
77,92,169,Ir,-22093.416,23.307
67,103,170,Ho,-56237.514,50.019
68,102,170,Er,-60107.514,1.387
69,101,170,Tm,-59795.314,0.732
70,100,170,Yb,-60763.929,0.01
71,99,170,Lu,-57306.234,16.843
72,98,170,Hf,-56253.86,27.945
73,97,170,Ta,-50137.67,27.945
74,96,170,W,-47290.804,13.195
75,95,170,Re,-38903.996,11.427
76,94,170,Os,-33925.692,9.759
78,92,170,Pt,-16299.202,18.246
67,104,171,Ho,-54517.822,600.002
68,103,171,Er,-57717.822,1.408
69,102,171,Tm,-59210.271,0.972
70,101,171,Yb,-59306.818,0.013
71,100,171,Lu,-57828.465,1.862
72,99,171,Hf,-55431.351,28.876
73,98,171,Ta,-51720.279,27.945
74,97,171,W,-47086.095,27.945
75,96,171,Re,-41250.285,27.945
76,95,171,Os,-34297.238,18.247
77,94,171,Ir,-26412.03,38.466
78,93,171,Pt,-17466.569,80.951
79,92,171,Au,-7562.303,20.713
68,104,172,Er,-56482.578,3.962
69,103,172,Tm,-57373.554,5.481
70,102,172,Yb,-59255.456,0.014
71,101,172,Lu,-56736.076,2.336
72,100,172,Hf,-56402.232,24.428
73,99,172,Ta,-51329.983,27.945
74,98,172,W,-49097.191,27.945
75,97,172,Re,-41566.839,35.568
76,96,172,Os,-37243.641,12.766
77,95,172,Ir,-27379.373,32.402
78,94,172,Pt,-21106.67,10.376
79,93,172,Au,-9318.011,56.158
80,92,172,Hg,-1061.361,150.062
69,104,173,Tm,-56256.067,4.4
70,103,173,Yb,-57551.234,0.011
71,102,173,Lu,-56881.014,1.567
72,101,173,Hf,-55411.79,27.945
73,100,173,Ta,-52396.543,27.945
74,99,173,W,-48727.388,27.945
75,98,173,Re,-43553.87,27.945
76,97,173,Os,-37438.25,14.959
77,96,173,Ir,-30268.456,10.542
78,95,173,Pt,-21936.758,63.431
79,94,173,Au,-12832.017,22.783
69,105,174,Tm,-53864.521,44.721
70,104,174,Yb,-56944.521,0.011
71,103,174,Lu,-55570.292,1.567
72,102,174,Hf,-55844.583,2.259
73,101,174,Ta,-51740.771,27.945
74,100,174,W,-50227.093,27.945
75,99,174,Re,-43673.101,27.945
76,98,174,Os,-39995.383,10.254
77,97,174,Ir,-30785.937,11.221
78,96,174,Pt,-25317.608,10.338
80,94,174,Hg,-6641.017,19.211
69,106,175,Tm,-52310.556,50.0
70,105,175,Yb,-54695.556,0.071
71,104,175,Lu,-55165.678,1.207
72,103,175,Hf,-54481.763,2.283
73,102,175,Ta,-52408.653,27.945
74,101,175,W,-49632.8,27.945
75,100,175,Re,-45288.312,27.945
76,99,175,Os,-40105.36,11.775
77,98,175,Ir,-33394.511,12.384
78,97,175,Pt,-25708.684,18.614
79,96,175,Au,-17403.686,38.563
80,95,175,Hg,-7969.443,81.085
69,107,176,Tm,-49371.322,100.0
70,106,176,Yb,-53491.322,0.014
71,105,176,Lu,-53382.333,1.212
72,104,176,Hf,-54576.428,1.482
73,103,176,Ta,-51365.379,30.739
74,102,176,W,-50641.608,27.945
75,101,176,Re,-45062.89,27.945
76,100,176,Os,-42131.184,10.949
77,99,176,Ir,-33881.923,8.085
78,98,176,Pt,-28933.918,12.712
79,97,176,Au,-18520.967,33.185
80,96,176,Hg,-11784.639,11.118
81,95,176,Tl,584.728,83.058
70,107,177,Yb,-50986.404,0.22
71,106,177,Lu,-52383.903,1.221
72,105,177,Hf,-52880.745,1.41
73,104,177,Ta,-51714.745,3.315
74,103,177,W,-49701.731,27.945
75,102,177,Re,-46269.175,27.945
76,101,177,Os,-41956.448,14.613
77,100,177,Ir,-36047.425,19.76
78,99,177,Pt,-29370.437,14.988
79,98,177,Au,-21545.736,9.968
80,97,177,Hg,-12775.823,84.722
81,96,177,Tl,-3340.103,21.628
70,108,178,Yb,-49677.139,6.588
71,107,178,Lu,-50337.881,2.251
72,106,178,Hf,-52435.366,1.415
74,104,178,W,-50407.066,15.199
75,103,178,Re,-45653.457,27.945
76,102,178,Os,-43544.243,13.632
77,101,178,Ir,-36254.314,18.821
78,100,178,Pt,-31997.486,10.133
79,99,178,Au,-22303.029,10.246
80,98,178,Hg,-16315.346,10.758
82,96,178,Pb,3573.371,23.184
71,108,179,Lu,-49059.013,5.15
72,107,179,Hf,-50463.036,1.416
73,106,179,Ta,-50357.456,1.466
74,105,179,W,-49295.247,14.573
75,104,179,Re,-46584.312,24.639
76,103,179,Os,-43020.137,15.505
77,102,179,Ir,-38081.719,9.771
78,101,179,Pt,-32268.127,7.977
79,100,179,Au,-24988.572,11.696
80,99,179,Hg,-16932.924,28.121
81,98,179,Tl,-8269.632,38.653
82,97,179,Pb,2051.608,81.229
71,109,180,Lu,-46676.476,70.725
72,108,180,Hf,-49779.476,1.421
73,107,180,Ta,-48933.631,2.068
74,106,180,W,-49636.243,1.439
75,105,180,Re,-45837.364,21.392
76,104,180,Os,-44356.198,15.722
77,103,180,Ir,-37977.53,21.706
78,102,180,Pt,-34429.875,10.051
79,101,180,Au,-25625.646,4.759
80,100,180,Hg,-20250.513,12.645
81,99,180,Tl,-9390.438,69.917
82,98,180,Pb,-1941.069,12.395
71,110,181,Lu,-44797.414,125.752
72,109,181,Hf,-47402.958,1.423
73,108,181,Ta,-48439.064,1.576
74,107,181,W,-48233.945,1.448
75,106,181,Re,-46517.412,12.549
76,105,181,Os,-43549.968,25.338
77,104,181,Ir,-39463.035,5.245
78,103,181,Pt,-34381.497,13.689
79,102,181,Au,-27871.14,19.976
80,101,181,Hg,-20661.127,15.382
81,100,181,Tl,-12798.749,9.102
82,99,181,Pb,-3110.631,85.037
72,110,182,Hf,-46049.636,6.166
73,109,182,Ta,-46430.685,1.578
74,108,182,W,-48246.144,0.745
75,107,182,Re,-45446.144,101.983
76,106,182,Os,-44609.109,21.745
77,105,182,Ir,-39051.682,20.967
78,104,182,Pt,-36168.42,13.095
79,103,182,Au,-28303.976,18.764
80,102,182,Hg,-23576.885,9.79
81,101,182,Tl,-13327.213,11.976
82,100,182,Pb,-6824.556,12.086
71,112,183,Lu,-39716.114,80.108
72,111,183,Hf,-43283.547,30.042
73,110,183,Ta,-45293.547,1.59
74,109,183,W,-46365.663,0.743
75,108,183,Re,-45809.663,8.034
76,107,183,Os,-43663.76,49.769
77,106,183,Ir,-40202.138,24.672
78,105,183,Pt,-35773.197,14.216
79,104,183,Au,-30191.488,9.423
80,103,183,Hg,-23804.655,7.084
81,102,183,Tl,-16587.261,9.331
82,101,183,Pb,-7580.008,28.979
72,112,184,Hf,-41499.453,39.706
73,111,184,Ta,-42839.453,26.01
74,110,184,W,-45705.453,0.738
75,109,184,Re,-44219.819,4.276
76,108,184,Os,-44252.565,0.829
77,107,184,Ir,-39610.855,27.945
78,106,184,Pt,-37332.486,14.744
79,105,184,Au,-30318.714,22.275
80,104,184,Hg,-26344.787,9.535
81,103,184,Tl,-16883.355,10.012
82,102,184,Pb,-11051.586,12.802
72,113,185,Hf,-38319.804,64.273
73,112,185,Ta,-41394.371,14.161
74,111,185,W,-43387.871,0.739
75,110,185,Re,-43819.047,0.82
76,109,185,Os,-42805.908,0.832
77,108,185,Ir,-40335.558,27.945
78,107,185,Pt,-36688.144,25.832
79,106,185,Au,-31858.15,2.608
80,105,185,Hg,-26183.651,13.639
81,104,185,Tl,-19757.745,20.674
82,103,185,Pb,-11541.211,16.175
72,114,186,Hf,-36424.214,51.232
73,113,186,Ta,-38607.602,60.012
74,112,186,W,-42508.602,1.213
75,111,186,Re,-41927.32,0.82
76,110,186,Os,-43000.032,0.761
77,109,186,Ir,-39172.35,16.526
78,108,186,Pt,-37864.447,21.745
79,107,186,Au,-31714.856,20.967
80,106,186,Hg,-28539.059,11.65
81,105,186,Tl,-19882.94,20.751
82,104,186,Pb,-14680.897,11.004
83,103,186,Bi,-3145.497,16.954
84,102,186,Po,4101.531,18.278
73,114,187,Ta,-36895.55,55.89
74,113,187,W,-39904.044,1.213
75,112,187,Re,-41216.548,0.737
76,111,187,Os,-41219.015,0.737
77,110,187,Ir,-39549.377,27.945
78,109,187,Pt,-36685.361,24.067
79,108,187,Au,-33028.78,22.499
80,107,187,Hg,-28118.509,12.864
81,106,187,Tl,-22444.592,8.048
82,105,187,Pb,-14986.955,5.094
83,104,187,Bi,-6383.275,10.005
84,103,187,Po,2823.808,32.631
74,114,188,W,-38667.88,3.089
75,113,188,Re,-39016.88,0.738
76,112,188,Os,-41137.301,0.734
77,111,188,Ir,-38344.955,9.423
78,110,188,Pt,-37820.97,5.305
79,109,188,Au,-32371.315,2.701
80,108,188,Hg,-30198.351,6.787
81,107,188,Tl,-22336.403,29.904
82,106,188,Pb,-17811.024,10.124
83,105,188,Bi,-7194.8,11.179
84,104,188,Po,-544.378,19.97
75,114,189,Re,-37979.097,8.191
76,113,189,Os,-38986.802,0.666
77,112,189,Ir,-38449.652,12.576
78,111,189,Pt,-36469.405,10.09
79,110,189,Au,-33581.958,20.081
80,109,189,Hg,-29626.378,31.553
81,108,189,Tl,-24616.105,8.368
82,107,189,Pb,-17844.019,14.062
83,106,189,Bi,-10064.664,20.851
84,105,189,Po,-1421.996,22.059
74,116,190,W,-34368.832,35.391
75,115,190,Re,-35583.015,4.87
76,114,190,Os,-38707.825,0.65
77,113,190,Ir,-36753.614,1.37
78,112,190,Pt,-37306.504,0.657
79,111,190,Au,-32833.54,3.447
80,110,190,Hg,-31370.625,15.907
81,109,190,Tl,-24366.236,7.252
82,108,190,Pb,-20416.607,12.514
83,107,190,Bi,-10595.906,20.973
84,106,190,Po,-4562.708,13.163
74,117,191,W,-31176.176,41.917
75,116,191,Re,-34350.408,10.264
76,115,191,Os,-36395.239,0.659
77,114,191,Ir,-36708.826,1.31
78,113,191,Pt,-35698.336,4.127
79,112,191,Au,-33797.91,4.926
80,111,191,Hg,-30591.849,22.28
81,110,191,Tl,-26282.951,7.349
82,109,191,Pb,-20291.243,6.613
83,108,191,Bi,-13239.351,7.487
84,107,191,Po,-5068.731,7.103
85,106,191,At,3863.913,16.103
75,117,192,Re,-31588.828,70.794
76,116,192,Os,-35882.303,2.314
77,115,192,Ir,-34835.631,1.314
78,114,192,Pt,-36288.525,2.57
79,113,192,Au,-32772.184,15.827
80,112,192,Hg,-32011.481,15.537
81,111,192,Tl,-25872.249,31.671
82,110,192,Pb,-22551.846,5.726
83,109,192,Bi,-13534.537,30.112
84,108,192,Po,-8066.483,10.634
85,107,192,At,2925.742,27.873
75,118,193,Re,-30231.641,39.123
76,117,193,Os,-33394.401,2.32
77,116,193,Ir,-34536.305,1.327
78,115,193,Pt,-34479.677,1.359
79,114,193,Au,-33404.829,8.674
80,113,193,Hg,-31062.165,15.505
81,112,193,Tl,-27477.218,6.707
82,111,193,Pb,-22229.255,10.288
83,110,193,Bi,-15884.563,7.576
84,109,193,Po,-8325.302,14.531
85,108,193,At,-67.323,21.632
86,107,193,Rn,9042.92,25.112
76,118,194,Os,-32435.176,2.403
77,117,194,Ir,-32531.776,1.332
78,116,194,Pt,-34760.101,0.496
79,115,194,Au,-32211.95,2.118
80,114,194,Hg,-32183.952,2.888
81,113,194,Tl,-26937.498,13.972
82,112,194,Pb,-24207.866,17.435
83,111,194,Bi,-16023.02,5.252
84,110,194,Po,-11004.617,12.911
85,109,194,At,-716.49,23.502
86,108,194,Rn,5724.624,16.659
76,119,195,Os,-29511.596,55.89
77,118,195,Ir,-31692.318,1.333
78,117,195,Pt,-32793.878,0.503
79,116,195,Au,-32567.061,1.119
80,115,195,Hg,-31013.342,23.142
81,114,195,Tl,-28155.292,11.126
82,113,195,Pb,-23738.039,5.088
83,112,195,Bi,-18025.567,5.287
84,111,195,Po,-11116.655,6.042
85,110,195,At,-3470.299,9.573
86,109,195,Rn,5050.285,51.686
76,120,196,Os,-28277.123,40.055
77,119,196,Ir,-29435.522,38.414
78,118,196,Pt,-32644.538,0.51
79,117,196,Au,-31138.718,2.962
80,116,196,Hg,-31825.944,2.946
81,115,196,Tl,-27496.598,12.109
82,114,196,Pb,-25348.234,7.71
83,113,196,Bi,-18009.032,24.428
84,112,196,Po,-13468.731,5.383
85,111,196,At,-3913.175,30.235
86,110,196,Rn,1975.169,14.054
77,120,197,Ir,-28264.123,20.11
78,119,197,Pt,-30419.775,0.536
79,118,197,Au,-31139.751,0.542
80,117,197,Hg,-30540.231,3.207
81,116,197,Tl,-28354.222,13.575
82,115,197,Pb,-24745.385,4.804
83,114,197,Bi,-19687.196,8.333
84,113,197,Po,-13393.078,9.861
85,112,197,At,-6355.255,7.983
86,111,197,Rn,1510.368,16.193
87,110,197,Fr,10253.968,56.434
78,120,198,Pt,-29904.018,2.1
79,119,198,Au,-29580.793,0.54
80,118,198,Hg,-30954.315,0.458
81,117,198,Tl,-27528.753,7.545
82,116,198,Pb,-26067.443,8.75
83,115,198,Bi,-19373.851,27.571
84,114,198,Po,-15473.278,17.424
85,113,198,At,-6708.747,4.904
86,112,198,Rn,-1230.32,13.42
87,111,198,Fr,9577.698,31.13
77,122,199,Ir,-24398.534,41.054
78,121,199,Pt,-27388.7,2.159
79,120,199,Au,-29093.752,0.542
80,119,199,Hg,-29546.066,0.526
81,118,199,Tl,-28059.397,27.945
82,117,199,Pb,-25231.734,6.821
83,116,199,Bi,-20797.616,10.615
84,115,199,Po,-15238.829,5.429
85,114,199,At,-8823.377,5.384
86,113,199,Rn,-1559.846,7.297
87,112,199,Fr,6771.388,13.726
78,122,200,Pt,-26599.178,20.11
79,121,200,Au,-27240.094,26.717
80,120,200,Hg,-29503.267,0.53
81,119,200,Tl,-27047.227,5.759
82,118,200,Pb,-26250.858,10.008
83,117,200,Bi,-20370.574,22.701
84,116,200,Po,-16941.683,7.579
85,115,200,At,-8987.894,24.465
86,114,200,Rn,-4000.454,5.792
87,113,200,Fr,6133.578,30.524
78,123,201,Pt,-23740.705,50.103
79,122,201,Au,-26400.705,3.218
80,121,201,Hg,-27662.529,0.712
81,120,201,Tl,-27180.778,14.185
82,119,201,Pb,-25271.033,13.747
83,118,201,Bi,-21429.006,12.177
84,117,201,Po,-16521.166,4.942
85,116,201,At,-10789.441,8.184
86,115,201,Rn,-4107.413,10.121
87,114,201,Fr,3588.573,9.08
88,113,201,Ra,11936.817,20.301
78,124,202,Pt,-22692.128,25.15
79,123,202,Au,-24352.982,23.287
80,122,202,Hg,-27345.31,0.705
81,121,202,Tl,-25980.419,1.838
82,120,202,Pb,-25940.608,3.796
83,119,202,Bi,-20750.854,14.002
84,118,202,Po,-17941.569,8.67
85,117,202,At,-10595.106,27.601
86,116,202,Rn,-6274.561,17.52
87,115,202,Fr,3101.538,6.033
88,114,202,Ra,9074.9,15.018
79,124,203,Au,-23143.444,3.083
80,123,203,Hg,-25269.203,1.63
81,122,203,Tl,-25761.309,1.171
82,121,203,Pb,-24786.483,6.554
83,120,203,Bi,-21524.893,12.778
84,119,203,Po,-17310.819,4.64
85,118,203,At,-12162.607,10.623
86,117,203,Rn,-6184.045,5.815
87,116,203,Fr,876.412,6.232
88,115,203,Ra,8601.331,9.688
80,124,204,Hg,-24690.148,0.498
81,123,204,Tl,-24346.07,1.154
82,122,204,Pb,-25109.815,1.147
83,121,204,Bi,-20645.927,9.18
84,120,204,Po,-18341.045,10.071
85,119,204,At,-11875.252,22.668
86,118,204,Rn,-7970.115,7.444
87,117,204,Fr,607.308,24.581
88,116,204,Ra,6061.097,8.924
80,125,205,Hg,-22287.719,3.655
81,124,205,Tl,-23820.802,1.239
82,123,205,Pb,-23770.162,1.145
83,122,205,Bi,-21065.569,4.808
84,121,205,Po,-17521.398,10.059
85,120,205,At,-12984.519,12.055
86,119,205,Rn,-7709.764,5.08
87,118,205,Fr,-1309.816,7.824
88,117,205,Ra,5803.853,22.772
89,116,205,Ac,14106.689,59.32
80,126,206,Hg,-20945.728,20.441
81,125,206,Tl,-22253.293,1.286
82,124,206,Pb,-23785.506,1.144
83,123,206,Bi,-20028.201,7.632
84,122,206,Po,-18188.668,4.012
85,121,206,At,-12439.388,13.529
86,120,206,Rn,-9132.918,8.591
87,119,206,Fr,-1246.859,27.811
88,118,206,Ra,3565.613,18.008
89,117,206,Ac,13484.754,65.088
80,127,207,Hg,-16487.446,29.808
81,126,207,Tl,-21034.436,5.439
82,125,207,Pb,-22451.968,1.147
83,124,207,Bi,-20054.554,2.397
84,123,207,Po,-17145.7,6.659
85,122,207,At,-13227.482,12.406
86,121,207,Rn,-8634.742,4.742
87,120,207,Fr,-2849.021,17.557
88,119,207,Ra,3513.988,58.286
89,118,207,Ac,11146.228,56.248
80,128,208,Hg,-13265.408,30.739
81,127,208,Tl,-16750.121,1.854
82,126,208,Pb,-21748.519,1.148
83,125,208,Bi,-18870.151,2.305
84,124,208,Po,-17469.207,1.672
85,123,208,At,-12469.901,8.921
86,122,208,Rn,-9655.389,10.163
87,121,208,Fr,-2664.928,11.657
88,120,208,Ra,1727.934,9.023
89,119,208,Ac,10760.854,64.483
90,118,208,Th,16688.041,31.865
81,128,209,Tl,-13644.793,6.11
82,127,209,Pb,-17614.574,1.747
83,126,209,Bi,-18258.589,1.365
84,125,209,Po,-16366.015,1.778
85,124,209,At,-12883.773,4.745
86,123,209,Rn,-8941.049,9.96
87,122,209,Fr,-3782.144,11.503
88,121,209,Ra,1858.24,5.747
89,120,209,Ac,8844.887,55.846
81,129,210,Tl,-9246.996,11.603
82,128,210,Pb,-14728.429,1.448
83,127,210,Bi,-14791.905,1.364
84,126,210,Po,-15953.06,1.146
85,125,210,At,-11972.099,7.695
86,124,210,Rn,-9604.764,4.557
87,123,210,Fr,-3343.508,13.42
88,122,210,Ra,442.839,9.193
89,121,210,Ac,8764.079,62.208
90,120,210,Th,14059.521,18.909
81,130,211,Tl,-6077.999,41.917
82,129,211,Pb,-10493.012,2.26
83,128,211,Bi,-11859.116,5.442
84,127,211,Po,-12432.492,1.255
85,126,211,At,-11647.191,2.729
86,125,211,Rn,-8755.33,6.813
87,124,211,Fr,-4140.314,11.991
88,123,211,Ra,831.87,4.966
89,122,211,Ac,7143.485,53.753
90,121,211,Th,13876.396,86.07
91,120,211,Pa,22052.226,69.472
82,130,212,Pb,-7548.929,1.84
83,129,212,Bi,-8117.943,1.853
84,128,212,Po,-10369.408,1.153
85,127,212,At,-8628.149,2.385
86,126,212,Rn,-8659.219,3.11
87,125,212,Fr,-3515.998,8.775
88,124,212,Ra,-198.763,10.254
89,123,212,Ac,7299.6,21.883
90,122,212,Th,12110.886,10.109
91,121,212,Pa,21596.523,87.604
81,132,213,Tl,1783.811,27.013
82,131,213,Pb,-3203.598,6.954
83,130,213,Bi,-5231.671,5.082
84,129,213,Po,-6653.519,3.053
85,128,213,At,-6579.522,4.898
86,127,213,Rn,-5695.949,3.37
87,126,213,Fr,-3554.199,4.707
88,125,213,Ra,345.557,9.818
89,124,213,Ac,6141.029,11.665
90,123,213,Th,12120.108,9.217
91,122,213,Pa,19654.194,57.17
82,132,214,Pb,-183.019,1.969
83,131,214,Bi,-1200.78,11.209
84,130,214,Po,-4469.972,1.449
85,129,214,At,-3379.151,3.982
86,128,214,Rn,-4319.664,9.187
87,127,214,Fr,-958.327,8.519
88,126,214,Ra,92.74,5.25
89,125,214,Ac,6433.272,13.551
90,124,214,Th,10694.932,10.661
91,123,214,Pa,19459.895,81.208
82,133,215,Pb,4342.245,52.685
83,132,215,Bi,1629.272,5.624
84,131,215,Po,-541.771,2.12
85,130,215,At,-1256.583,6.629
86,129,215,Rn,-1168.99,6.09
87,128,215,Fr,318.137,7.066
88,127,215,Ra,2531.995,7.201
89,126,215,Ac,6030.55,12.406
90,125,215,Th,10921.434,6.335
91,124,215,Pa,17804.537,82.45
92,123,215,U,24889.312,104.136
83,133,216,Bi,5873.988,11.178
84,132,216,Po,1782.336,1.815
85,131,216,At,2256.678,3.575
86,130,216,Rn,253.312,5.768
87,129,216,Fr,2971.022,4.174
88,128,216,Ra,3291.466,8.004
89,127,216,Ac,8149.736,9.23
90,126,216,Th,10298.537,11.104
91,125,216,Pa,17823.799,24.647
92,124,216,U,23066.429,28.093
83,134,217,Bi,8729.963,17.698
84,133,217,Po,5883.452,6.544
85,132,217,At,4394.598,5.001
86,131,217,Rn,3658.566,4.198
87,130,217,Fr,4314.663,6.531
88,129,217,Ra,5889.536,7.047
89,128,217,Ac,8702.321,11.223
90,127,217,Th,12205.78,10.614
91,126,217,Pa,17054.748,12.498
83,135,218,Bi,13216.038,27.013
84,134,218,Po,8356.652,1.967
85,133,218,At,8100.218,11.503
86,132,218,Rn,5217.413,2.316
87,131,218,Fr,7059.44,4.235
88,130,218,Ra,6645.556,9.807
89,129,218,Ac,10850.845,57.616
90,128,218,Th,12366.747,10.516
91,127,218,Pa,18649.568,17.846
92,126,218,U,21894.655,13.714
84,135,219,Po,12681.361,15.835
85,134,219,At,10396.021,3.237
86,133,219,Rn,8829.337,2.1
87,132,219,Fr,8616.939,6.874
88,131,219,Ra,9393.853,6.814
89,130,219,Ac,11569.553,51.477
90,129,219,Th,14462.78,56.46
91,128,219,Pa,18583.223,69.705
92,127,219,U,23295.953,13.338
93,126,219,Np,29436.951,91.969
84,136,220,Po,15263.462,17.698
85,135,220,At,14375.748,13.972
86,134,220,Rn,10611.994,1.814
87,133,220,Fr,11482.332,4.028
88,132,220,Ra,10272.091,7.595
89,131,220,Ac,13743.755,6.129
90,130,220,Th,14689.538,13.687
91,129,220,Pa,20278.397,14.655
93,127,220,Np,30475.022,30.718
84,137,221,Po,19773.757,19.561
85,136,221,At,16782.729,13.972
86,135,221,Rn,14471.354,5.714
87,134,221,Fr,13277.251,4.886
88,133,221,Ra,12963.877,4.63
89,132,221,Ac,14531.048,56.901
90,131,221,Th,16939.926,7.994
91,130,221,Pa,20374.937,59.38
92,129,221,U,24519.996,72.135
84,138,222,Po,22486.268,40.054
85,137,222,At,20953.028,15.835
86,136,222,Rn,16371.957,1.944
87,135,222,Fr,16378.103,7.452
88,134,222,Ra,14320.205,4.454
89,133,222,Ac,16621.797,4.699
90,132,222,Th,17203.039,10.216
91,131,222,Pa,22064.361,86.606
92,130,222,U,24272.834,51.994
93,129,222,Np,31274.641,38.051
85,138,223,At,23428.008,13.972
86,137,223,Rn,20389.738,7.822
87,136,223,Fr,18382.329,1.931
88,135,223,Ra,17233.245,2.09
89,134,223,Ac,17825.055,6.947
90,133,223,Th,19385.402,7.943
91,132,223,Pa,22337.614,75.632
92,131,223,U,26045.278,59.054
93,130,223,Np,30658.583,82.863
85,139,224,At,27711.018,22.356
86,138,224,Rn,22445.098,9.814
87,137,224,Fr,21748.614,11.178
88,136,224,Ra,18825.832,1.811
89,135,224,Ac,20234.148,4.089
90,134,224,Th,19995.581,9.604
91,133,224,Pa,23862.351,7.587
92,132,224,U,25742.69,15.261
93,131,224,Np,32032.248,28.925
86,139,225,Rn,26534.143,11.14
87,138,225,Fr,23820.602,11.967
88,137,225,Ra,21993.044,2.596
89,136,225,Ac,21637.305,4.758
90,135,225,Th,22310.193,5.093
91,134,225,Pa,24356.64,81.867
92,133,225,U,27372.001,9.934
93,132,225,Np,31618.098,91.618
86,140,226,Rn,28747.194,10.477
87,139,226,Fr,27520.539,6.23
88,138,226,Ra,23667.576,1.927
89,137,226,Ac,24309.201,3.1
90,136,226,Th,23197.649,4.481
91,135,226,Pa,26033.6,11.213
92,134,226,U,27328.797,11.071
93,133,226,Np,32816.877,102.063
86,141,227,Rn,32885.835,14.091
87,140,227,Fr,29682.445,5.898
88,139,227,Ra,27177.464,1.946
89,138,227,Ac,25849.515,1.926
90,137,227,Th,25804.759,2.088
91,136,227,Pa,26830.371,7.263
92,135,227,U,29045.034,8.51
93,134,227,Np,32579.018,76.989
86,142,228,Rn,35243.466,17.677
87,141,228,Fr,33384.221,6.732
88,140,228,Ra,28940.194,1.995
89,139,228,Ac,28894.654,2.093
90,138,228,Th,26770.899,1.806
91,137,228,Pa,28923.599,4.34
92,136,228,U,29220.001,13.474
94,134,228,Pu,36107.809,23.352
86,143,229,Rn,39362.4,13.041
87,142,229,Fr,35668.253,5.001
88,141,229,Ra,32561.963,15.441
89,140,229,Ac,30689.936,12.109
90,139,229,Th,29585.517,2.404
91,138,229,Pa,29896.848,3.28
92,137,229,U,31210.62,5.938
93,136,229,Np,33801.378,101.177
94,135,229,Pu,37394.924,60.633
95,134,229,Am,42180.414,106.348
87,143,230,Fr,39486.769,6.541
88,142,230,Ra,34516.306,10.296
89,141,230,Ac,33838.386,15.835
90,140,230,Th,30862.512,1.209
91,139,230,Pa,32173.543,3.038
92,138,230,U,31615.017,4.509
93,137,230,Np,35236.615,55.007
94,136,230,Pu,36932.17,14.451
87,144,231,Fr,42080.575,7.731
88,143,231,Ra,38216.488,11.37
89,142,231,Ac,35762.853,13.041
90,141,231,Th,33815.811,1.217
91,140,231,Pa,33424.338,1.771
92,139,231,U,33805.952,2.67
93,138,231,Np,35623.686,51.154
94,137,231,Pu,38308.577,22.061
87,145,232,Fr,46072.834,13.972
88,144,232,Ra,40496.955,9.151
89,143,232,Ac,39154.423,13.041
90,142,232,Th,35446.71,1.421
91,141,232,Pa,35946.549,7.645
92,140,232,U,34609.445,1.808
94,138,232,Pu,38360.915,16.885
87,146,233,Fr,48920.052,19.561
88,145,233,Ra,44334.062,8.603
89,144,233,Ac,41308.037,13.041
90,143,233,Th,38731.642,1.424
91,142,233,Pa,37489.41,1.336
92,141,233,U,36919.111,2.254
93,140,233,Np,37948.531,50.981
94,139,233,Pu,40051.836,54.178
96,137,233,Cm,47293.34,81.095
88,146,234,Ra,46930.629,8.383
89,145,234,Ac,44841.195,13.972
90,144,234,Th,40612.958,2.589
91,143,234,Pa,40338.87,4.094
92,142,234,U,38144.959,1.129
93,141,234,Np,39954.806,8.397
94,140,234,Pu,40349.986,6.798
96,138,234,Cm,46722.411,17.078
89,146,235,Ac,47357.16,13.972
90,145,235,Th,44017.754,13.041
91,144,235,Pa,42288.901,13.972
92,143,235,U,40918.782,1.116
93,142,235,Np,41043.044,1.388
94,141,235,Pu,42182.346,20.521
95,140,235,Am,44624.602,52.78
89,147,236,Ac,51220.998,38.191
90,146,236,Th,46255.203,13.972
91,145,236,Pa,45333.955,13.972
92,144,236,U,42444.582,1.112
93,143,236,Np,43378.094,50.421
94,142,236,Pu,42901.508,1.81
96,140,236,Cm,47852.82,17.635
90,147,237,Th,49955.097,15.835
91,146,237,Pa,47527.624,13.041
92,145,237,U,45390.133,1.202
93,144,237,Np,44871.599,1.12
94,143,237,Pu,45091.662,1.697
96,141,237,Cm,49247.151,74.399
98,139,237,Cf,57938.255,97.347
91,147,238,Pa,50894.043,15.835
92,146,238,U,47307.732,1.492
93,145,238,Np,47454.597,1.137
94,144,238,Pu,46163.148,1.138
95,143,238,Am,48421.421,58.911
96,142,238,Cm,49445.203,12.234
92,147,239,U,50572.668,1.502
93,146,239,Np,49311.005,1.31
94,145,239,Pu,48588.22,1.112
95,144,239,Am,49390.36,1.982
96,143,239,Cm,51146.962,150.07
92,148,240,U,52715.497,2.553
93,147,240,Np,52316.229,17.032
94,146,240,Pu,50125.319,1.105
95,145,240,Am,51510.11,13.832
96,144,240,Cm,51724.222,1.905
98,142,240,Cf,57988.719,18.034
93,148,241,Np,54315.115,100.006
94,147,241,Pu,52955.115,1.105
95,146,241,Am,52934.335,1.113
96,145,241,Cm,53701.77,1.607
93,149,242,Np,57416.876,200.004
94,148,242,Pu,54716.876,1.245
95,147,242,Am,55468.014,1.118
96,146,242,Cm,54803.699,1.141
98,144,242,Cf,59386.982,12.892
94,149,243,Pu,57754.561,2.542
95,148,243,Am,57175.005,1.388
96,147,243,Cm,57181.936,1.496
97,146,243,Bk,58689.629,4.524
94,150,244,Pu,59806.021,2.346
95,149,244,Am,59879.135,1.491
96,148,244,Cm,58451.835,1.106
97,147,244,Bk,60713.825,14.399
98,146,244,Cf,61478.096,2.617
94,151,245,Pu,63178.173,13.62
95,150,245,Am,61900.417,1.886
96,149,245,Cm,61004.524,1.149
97,148,245,Bk,61813.776,1.792
98,147,245,Cf,63385.151,2.428
94,152,246,Pu,65394.772,14.985
96,150,246,Cm,62616.912,1.525
97,149,246,Bk,63966.912,60.019
98,148,246,Cf,64090.228,1.514
99,147,246,Es,67818.802,89.925
100,146,246,Fm,70191.187,13.67
96,151,247,Cm,65533.105,3.797
97,150,247,Bk,65489.521,5.189
98,149,247,Cf,66109.392,14.327
99,148,247,Es,68578.393,19.441
96,152,248,Cm,67392.748,2.358
97,151,248,Bk,68131.053,50.058
98,150,248,Cf,67237.951,5.121
100,148,248,Fm,71897.793,8.497
96,153,249,Cm,70750.696,2.371
97,152,249,Bk,69846.333,1.248
98,151,249,Cf,69722.733,1.182
100,149,249,Fm,73519.143,6.212
101,148,249,Md,77180.952,164.425
96,154,250,Cm,72989.588,10.274
97,153,250,Bk,72952.006,2.898
98,152,250,Cf,71170.336,1.538
100,150,250,Fm,74072.193,7.888
101,149,250,Md,78399.14,90.92
96,155,251,Cm,76647.981,22.698
97,154,251,Bk,75227.981,10.734
98,153,251,Cf,74134.981,3.901
99,152,251,Es,74511.547,5.288
100,151,251,Fm,75958.808,14.292
101,150,251,Md,78966.749,18.919
98,154,252,Cf,76034.61,2.358
99,153,252,Es,77294.61,50.056
100,152,252,Fm,76816.611,5.221
101,151,252,Md,80467.118,91.286
102,150,252,No,82871.37,9.292
98,155,253,Cf,79301.562,4.257
99,154,253,Es,79010.486,1.249
100,153,253,Fm,79345.549,1.549
102,151,253,No,84358.696,6.912
103,150,253,Lr,88523.471,164.534
98,156,254,Cf,81341.395,11.462
99,155,254,Es,81994.151,2.936
100,154,254,Fm,80902.521,1.843
102,152,254,No,84723.312,9.658
103,151,254,Lr,89645.887,91.312
99,156,255,Es,84089.237,10.817
100,155,255,Fm,83800.465,3.934
101,154,255,Md,84842.069,5.567
102,153,255,No,86811.934,14.047
103,152,255,Lr,89947.305,17.698
100,156,256,Fm,85484.796,3.02
102,154,256,No,87823.046,7.548
103,153,256,Lr,91746.603,82.903
104,152,256,Rf,94221.992,17.848
100,157,257,Fm,88590.137,4.35
101,156,257,Md,88992.472,1.569
102,155,257,No,90247.064,6.197
104,153,257,Rf,95866.389,10.817
105,152,257,Db,100154.285,164.634
101,157,258,Md,91690.35,3.474
104,154,258,Rf,96344.338,16.104
105,153,258,Db,101507.703,91.857
102,157,259,No,94079.381,6.362
105,154,259,Db,101991.021,56.685
106,154,260,Sg,106547.495,20.536
104,157,261,Rf,101318.233,65.663
106,155,261,Sg,108005.004,18.494
107,154,261,Bh,113079.41,179.803
106,156,262,Sg,108369.072,22.167
107,155,262,Bh,114252.119,93.074
108,156,264,Hs,119563.165,28.881
108,157,265,Hs,120900.245,23.958
108,158,266,Hs,121139.675,27.106
109,157,266,Mt,127672.681,96.473
110,159,269,Ds,134834.671,31.403
110,160,270,Ds,134681.584,39.275
