# Ground-state half-lives (s) and main decay modes from NUBASE2020: F.G. Kondev et al., Chinese Physics C 45, 030001 (2021).
# half_life_s is empty when unknown; decay modes: A=alpha, B-=beta minus, B+=beta plus, EC=electron capture, SF=spontaneous fission, p/n=proton/neutron emission, IT=isomeric transition.
Z,N,A,element,half_life_s,main_decay_mode,natural_abundance_percent
0,1,1,n,609.8,B-,
1,0,1,H,stable,stable,99.9855
1,1,2,H,stable,stable,0.0145
1,2,3,H,3.888e+08,B-,
2,1,3,He,stable,stable,0.0002
3,0,3,Li,,p,
1,3,4,H,1.39e-22,n,
2,2,4,He,stable,stable,99.9998
3,1,4,Li,9.1e-23,p,
1,4,5,H,8.6e-23,2n,
2,3,5,He,6.02e-22,n,
3,2,5,Li,3.7e-22,p,
4,1,5,Be,,p,
1,5,6,H,2.94e-22,n,
2,4,6,He,0.8069,B-,
3,3,6,Li,stable,stable,4.85
4,2,6,Be,5e-21,2p,
5,1,6,B,,2p,
1,6,7,H,6.52e-22,2n,
2,5,7,He,2.51e-21,n,
3,4,7,Li,stable,stable,95.15
4,3,7,Be,4.598e+06,EC,
5,2,7,B,5.7e-22,p,
2,6,8,He,0.1195,B-,
3,5,8,Li,0.8387,B-,
4,4,8,Be,8.19e-17,A,
5,3,8,B,0.7719,B+,
6,2,8,C,3.5e-21,2p,
2,7,9,He,2.5e-21,n,
3,6,9,Li,0.1782,B-,
4,5,9,Be,stable,stable,100
5,4,9,B,8e-19,p,
6,3,9,C,0.1265,B+,
2,8,10,He,2.6e-22,2n,
3,7,10,Li,2e-21,n,
4,6,10,Be,4.377e+13,B-,
5,5,10,B,stable,stable,19.65
6,4,10,C,19.3,B+,
7,3,10,N,1.43e-22,p,
3,8,11,Li,0.00875,B-,
4,7,11,Be,13.76,B-,
5,6,11,B,stable,stable,80.35
6,5,11,C,1220,B+,
7,4,11,N,5.85e-22,p,
8,3,11,O,1.98e-22,2p,
3,9,12,Li,,n,
4,8,12,Be,0.02146,B-,
5,7,12,B,0.0202,B-,
6,6,12,C,stable,stable,98.94
7,5,12,N,0.011,B+,
8,4,12,O,8.9e-21,2p,
3,10,13,Li,3.3e-21,2n,
4,9,13,Be,1e-21,n,
5,8,13,B,0.01716,B-,
6,7,13,C,stable,stable,1.06
7,6,13,N,597.9,B+,
8,5,13,O,0.00858,B+,
9,4,13,F,,p,
4,10,14,Be,0.00453,B-,
5,9,14,B,0.01236,B-,
6,8,14,C,1.799e+11,B-,
7,7,14,N,stable,stable,99.6205
8,6,14,O,70.62,B+,
9,5,14,F,5e-22,p,
4,11,15,Be,7.9e-22,n,
5,10,15,B,0.01018,B-,
6,9,15,C,2.449,B-,
7,8,15,N,stable,stable,0.3795
8,7,15,O,122.3,B+,
9,6,15,F,1.1e-21,p,
10,5,15,Ne,7.7e-22,2p,
4,12,16,Be,6.5e-22,2n,
5,11,16,B,4.6e-21,n,
6,10,16,C,0.75,B-,
7,9,16,N,7.13,B-,
8,8,16,O,stable,stable,99.757
9,7,16,F,2.1e-20,p,
10,6,16,Ne,5.7e-21,2p,
5,12,17,B,0.00508,B-,
6,11,17,C,0.193,B-,
7,10,17,N,4.173,B-,
8,9,17,O,stable,stable,0.03835
9,8,17,F,64.37,B+,
10,7,17,Ne,0.1092,B+,
11,6,17,Na,,p,
5,13,18,B,,n,
6,12,18,C,0.092,B-,
7,11,18,N,0.6192,B-,
8,10,18,O,stable,stable,0.2045
9,9,18,F,6584,B+,
10,8,18,Ne,1.664,B+,
11,7,18,Na,1.3e-21,p,
5,14,19,B,0.00292,B-,
6,13,19,C,0.0462,B-,
7,12,19,N,0.336,B-,
8,11,19,O,26.47,B-,
9,10,19,F,stable,stable,100
10,9,19,Ne,17.26,B+,
11,8,19,Na,1e-18,p,
12,7,19,Mg,5e-12,2p,
5,15,20,B,9.124e-22,n,
6,14,20,C,0.016,B-,
7,13,20,N,0.136,B-,
8,12,20,O,13.51,B-,
9,11,20,F,11.01,B-,
10,10,20,Ne,stable,stable,90.48
11,9,20,Na,0.4479,B+,
12,8,20,Mg,0.0904,B+,
5,16,21,B,7.6e-22,2n,
6,15,21,C,,n,
7,14,21,N,0.085,B-,
8,13,21,O,3.42,B-,
9,12,21,F,4.158,B-,
10,11,21,Ne,stable,stable,0.27
11,10,21,Na,22.45,B+,
12,9,21,Mg,0.12,B+,
13,8,21,Al,,p,
6,16,22,C,0.0062,B-,
7,15,22,N,0.023,B-,
8,14,22,O,2.25,B-,
9,13,22,F,4.23,B-,
10,12,22,Ne,stable,stable,9.25
11,11,22,Na,8.211e+07,B+,
12,10,22,Mg,3.874,B+,
13,9,22,Al,0.0911,B+,
14,8,22,Si,0.0287,B+,
6,17,23,C,,n,
7,16,23,N,0.0139,B-,
8,15,23,O,0.097,B-,
9,14,23,F,2.23,B-,
10,13,23,Ne,37.15,B-,
11,12,23,Na,stable,stable,100
12,11,23,Mg,11.3,B+,
13,10,23,Al,0.446,B+,
14,9,23,Si,0.0423,B+,
7,17,24,N,,n,
8,16,24,O,0.0774,B-,
9,15,24,F,0.384,B-,
10,14,24,Ne,202.8,B-,
11,13,24,Na,5.384e+04,B-,
12,12,24,Mg,stable,stable,78.965
13,11,24,Al,2.053,B+,
14,10,24,Si,0.1432,B+,
15,9,24,P,,p,
7,18,25,N,,n,
8,17,25,O,5.18e-21,n,
9,16,25,F,0.08,B-,
10,15,25,Ne,0.602,B-,
11,14,25,Na,59.1,B-,
12,13,25,Mg,stable,stable,10.011
13,12,25,Al,7.167,B+,
14,11,25,Si,0.2206,B+,
15,10,25,P,,p,
8,18,26,O,4.2e-12,2n,
9,17,26,F,0.0082,B-,
10,16,26,Ne,0.197,B-,
11,15,26,Na,1.071,B-,
12,14,26,Mg,stable,stable,11.025
13,13,26,Al,2.263e+13,B+,
14,12,26,Si,2.245,B+,
15,11,26,P,0.0436,B+,
16,10,26,S,,2p,
8,19,27,O,,n,
9,18,27,F,0.005,B-,
10,17,27,Ne,0.0309,B-,
11,16,27,Na,0.301,B-,
12,15,27,Mg,566.1,B-,
13,14,27,Al,stable,stable,100
14,13,27,Si,4.117,B+,
15,12,27,P,0.26,B+,
16,11,27,S,0.0163,B+,
8,20,28,O,,2n,
9,19,28,F,4.6e-20,n,
10,18,28,Ne,0.0188,B-,
11,17,28,Na,0.0331,B-,
12,16,28,Mg,7.529e+04,B-,
13,15,28,Al,134.7,B-,
14,14,28,Si,stable,stable,92.2545
15,13,28,P,0.2703,B+,
16,12,28,S,0.125,B+,
17,11,28,Cl,,p,
9,20,29,F,0.0025,B-,
10,19,29,Ne,0.0147,B-,
11,18,29,Na,0.0432,B-,
12,17,29,Mg,1.3,B-,
13,16,29,Al,393.6,B-,
14,15,29,Si,stable,stable,4.672
15,14,29,P,4.102,B+,
16,13,29,S,0.188,B+,
17,12,29,Cl,5.4e-21,p,
18,11,29,Ar,,2p,
9,21,30,F,,n,
10,20,30,Ne,0.00722,B-,
11,19,30,Na,0.0459,B-,
12,18,30,Mg,0.317,B-,
13,17,30,Al,3.62,B-,
14,16,30,Si,stable,stable,3.0735
15,15,30,P,150,B+,
16,14,30,S,1.18,B+,
17,13,30,Cl,,p,
18,12,30,Ar,1e-11,2p,
9,22,31,F,0.002,B-,
10,21,31,Ne,0.0034,B-,
11,20,31,Na,0.0168,B-,
12,19,31,Mg,0.27,B-,
13,18,31,Al,0.644,B-,
14,17,31,Si,9430,B-,
15,16,31,P,stable,stable,100
16,15,31,S,2.553,B+,
17,14,31,Cl,0.19,B+,
18,13,31,Ar,0.015,B+,
19,12,31,K,1e-11,3p,
10,22,32,Ne,0.0035,B-,
11,21,32,Na,0.0129,B-,
12,20,32,Mg,0.0804,B-,
13,19,32,Al,0.0326,B-,
14,18,32,Si,4.954e+09,B-,
15,17,32,P,1.233e+06,B-,
16,16,32,S,stable,stable,94.85
17,15,32,Cl,0.298,B+,
18,14,32,Ar,0.098,B+,
19,13,32,K,,p,
10,23,33,Ne,,n,
11,22,33,Na,0.0082,B-,
12,21,33,Mg,0.092,B-,
13,20,33,Al,0.04146,B-,
14,19,33,Si,6.18,B-,
15,18,33,P,2.19e+06,B-,
16,17,33,S,stable,stable,0.763
17,16,33,Cl,2.504,B+,
18,15,33,Ar,0.173,B+,
19,14,33,K,,p,
20,13,33,Ca,,p,
10,24,34,Ne,0.002,B-,
11,23,34,Na,0.0055,B-,
12,22,34,Mg,0.0449,B-,
13,21,34,Al,0.05373,B-,
14,20,34,Si,2.77,B-,
15,19,34,P,12.43,B-,
16,18,34,S,stable,stable,4.365
17,17,34,Cl,1.527,B+,
18,16,34,Ar,0.8465,B+,
19,15,34,K,,p,
20,14,34,Ca,,2p,
11,24,35,Na,0.0015,B-,
12,23,35,Mg,0.0113,B-,
13,22,35,Al,0.03816,B-,
14,21,35,Si,0.78,B-,
15,20,35,P,47.3,B-,
16,19,35,S,7.549e+06,B-,
17,18,35,Cl,stable,stable,75.8
18,17,35,Ar,1.776,B+,
19,16,35,K,0.1752,B+,
20,15,35,Ca,0.0257,B+,
21,14,35,Sc,,p,
11,25,36,Na,,n,
12,24,36,Mg,0.0039,B-,
13,23,36,Al,0.09,B-,
14,22,36,Si,0.503,B-,
15,21,36,P,5.6,B-,
16,20,36,S,stable,stable,0.0158
17,19,36,Cl,9.508e+12,B-,
18,18,36,Ar,stable,stable,0.3336
19,17,36,K,0.341,B+,
20,16,36,Ca,0.1009,B+,
21,15,36,Sc,,p,
11,26,37,Na,0.001,B-,
12,25,37,Mg,0.008,B-,
13,24,37,Al,0.0114,B-,
14,23,37,Si,0.141,B-,
15,22,37,P,2.31,B-,
16,21,37,S,303,B-,
17,20,37,Cl,stable,stable,24.2
18,19,37,Ar,3.025e+06,EC,
19,18,37,K,1.237,B+,
20,17,37,Ca,0.181,B+,
21,16,37,Sc,,p,
22,15,37,Ti,,p,
11,27,38,Na,,n,
12,26,38,Mg,0.002,B-,
13,25,38,Al,0.009,B-,
14,24,38,Si,0.063,B-,
15,23,38,P,0.64,B-,
16,22,38,S,1.022e+04,B-,
17,21,38,Cl,2234,B-,
18,20,38,Ar,stable,stable,0.0629
19,19,38,K,459.1,B+,
20,18,38,Ca,0.4437,B+,
21,17,38,Sc,,p,
22,16,38,Ti,,2p,
11,28,39,Na,0.001,B-,
12,27,39,Mg,,n,
13,26,39,Al,0.0076,B-,
14,25,39,Si,0.0412,B-,
15,24,39,P,0.282,B-,
16,23,39,S,11.5,B-,
17,22,39,Cl,3372,B-,
18,21,39,Ar,8.457e+09,B-,
19,20,39,K,stable,stable,93.2581
20,19,39,Ca,0.8603,B+,
21,18,39,Sc,,p,
22,17,39,Ti,0.0285,B+,
23,16,39,V,,p,
12,28,40,Mg,0.001,B-,
13,27,40,Al,0.01,B-,
14,26,40,Si,0.0312,B-,
15,25,40,P,0.15,B-,
16,24,40,S,8.8,B-,
17,23,40,Cl,81,B-,
18,22,40,Ar,stable,stable,99.6035
19,21,40,K,3.938e+16,B-,0.0117
20,20,40,Ca,stable,stable,96.941
21,19,40,Sc,0.1823,B+,
22,18,40,Ti,0.0524,B+,
23,17,40,V,,p,
12,29,41,Mg,,B-,
13,28,41,Al,0.006,B-,
14,27,41,Si,0.02,B-,
15,26,41,P,0.101,B-,
16,25,41,S,1.99,B-,
17,24,41,Cl,38.4,B-,
18,23,41,Ar,6577,B-,
19,22,41,K,stable,stable,6.7302
20,21,41,Ca,3.137e+12,EC,
21,20,41,Sc,0.5963,B+,
22,19,41,Ti,0.0819,B+,
23,18,41,V,,p,
24,17,41,Cr,,p,
13,29,42,Al,0.003,B-,
14,28,42,Si,0.0125,B-,
15,27,42,P,0.0485,B-,
16,26,42,S,1.016,B-,
17,25,42,Cl,6.8,B-,
18,24,42,Ar,1.038e+09,B-,
19,23,42,K,4.448e+04,B-,
20,22,42,Ca,stable,stable,0.647
21,21,42,Sc,0.6807,B+,
22,20,42,Ti,0.2083,B+,
23,19,42,V,,p,
24,18,42,Cr,0.0133,B+,
13,30,43,Al,0.004,B-,
14,29,43,Si,0.03,B-,
15,28,43,P,0.0358,B-,
16,27,43,S,0.265,B-,
17,26,43,Cl,3.13,B-,
18,25,43,Ar,322.2,B-,
19,24,43,K,8.028e+04,B-,
20,23,43,Ca,stable,stable,0.135
21,22,43,Sc,1.401e+04,B+,
22,21,43,Ti,0.509,B+,
23,20,43,V,0.0793,B+,
24,19,43,Cr,0.0211,B+,
25,18,43,Mn,,p,
14,30,44,Si,0.004,B-,
15,29,44,P,0.0185,B-,
16,28,44,S,0.1,B-,
17,27,44,Cl,0.562,B-,
18,26,44,Ar,712.2,B-,
19,25,44,K,1328,B-,
20,24,44,Ca,stable,stable,2.086
21,23,44,Sc,1.455e+04,B+,
22,22,44,Ti,1.865e+09,EC,
23,21,44,V,0.111,B+,
24,20,44,Cr,0.0428,B+,
25,19,44,Mn,,p,
14,31,45,Si,0.004,B-,
15,30,45,P,0.01,B-,
16,29,45,S,0.068,B-,
17,28,45,Cl,0.413,B-,
18,27,45,Ar,21.48,B-,
19,26,45,K,1068,B-,
20,25,45,Ca,1.405e+07,B-,
21,24,45,Sc,stable,stable,100
22,23,45,Ti,1.109e+04,B+,
23,22,45,V,0.547,B+,
24,21,45,Cr,0.0609,B+,
25,20,45,Mn,,p,
26,19,45,Fe,0.0025,2p,
15,31,46,P,0.009,B-,
16,30,46,S,0.05,B-,
17,29,46,Cl,0.232,B-,
18,28,46,Ar,8.4,B-,
19,27,46,K,96.3,B-,
20,26,46,Ca,stable,stable,0.004
21,25,46,Sc,7.237e+06,B-,
22,24,46,Ti,stable,stable,8.25
23,23,46,V,0.4226,B+,
24,22,46,Cr,0.2243,B+,
25,21,46,Mn,0.0362,B+,
26,20,46,Fe,0.013,B+,
15,32,47,P,0.004,B-,
16,31,47,S,0.024,B-,
17,30,47,Cl,0.101,B-,
18,29,47,Ar,1.23,B-,
19,28,47,K,17.38,B-,
20,27,47,Ca,3.919e+05,B-,
21,26,47,Sc,2.894e+05,B-,
22,25,47,Ti,stable,stable,7.44
23,24,47,V,1956,B+,
24,23,47,Cr,0.4616,B+,
25,22,47,Mn,0.088,B+,
26,21,47,Fe,0.0219,B+,
27,20,47,Co,,p,
16,32,48,S,0.01,B-,
17,31,48,Cl,0.03,B-,
18,30,48,Ar,0.415,B-,
19,29,48,K,6.83,B-,
20,28,48,Ca,1.767e+27,2B-,0.187
21,27,48,Sc,1.572e+05,B-,
22,26,48,Ti,stable,stable,73.72
23,25,48,V,1.38e+06,B+,
24,24,48,Cr,7.762e+04,B+,
25,23,48,Mn,0.1581,B+,
26,22,48,Fe,0.0453,B+,
27,21,48,Co,,p,
28,20,48,Ni,0.0028,2p,
16,33,49,S,0.004,B-,
17,32,49,Cl,0.035,B-,
18,31,49,Ar,0.236,B-,
19,30,49,K,1.26,B-,
20,29,49,Ca,523.1,B-,
21,28,49,Sc,3431,B-,
22,27,49,Ti,stable,stable,5.41
23,26,49,V,2.851e+07,EC,
24,25,49,Cr,2538,B+,
25,24,49,Mn,0.382,B+,
26,23,49,Fe,0.0647,B+,
27,22,49,Co,,p,
28,21,49,Ni,0.0075,B+,
17,33,50,Cl,0.01,B-,
18,32,50,Ar,0.106,B-,
19,31,50,K,0.472,B-,
20,30,50,Ca,13.45,B-,
21,29,50,Sc,102.5,B-,
22,28,50,Ti,stable,stable,5.18
23,27,50,V,8.552e+24,B+,0.250
24,26,50,Cr,stable,stable,4.345
25,25,50,Mn,0.2832,B+,
26,24,50,Fe,0.152,B+,
27,23,50,Co,0.0388,B+,
28,22,50,Ni,0.0185,B+,
17,34,51,Cl,0.005,B-,
18,33,51,Ar,0.03,B-,
19,32,51,K,0.365,B-,
20,31,51,Ca,10,B-,
21,30,51,Sc,12.4,B-,
22,29,51,Ti,345.6,B-,
23,28,51,V,stable,stable,99.750
24,27,51,Cr,2.393e+06,EC,
25,26,51,Mn,2749,B+,
26,25,51,Fe,0.3054,B+,
27,24,51,Co,0.0688,B+,
28,23,51,Ni,0.0238,B+,
17,35,52,Cl,0.002,B-,
18,34,52,Ar,0.04,B-,
19,33,52,K,0.11,B-,
20,32,52,Ca,4.6,B-,
21,31,52,Sc,8.2,B-,
22,30,52,Ti,102,B-,
23,29,52,V,224.6,B-,
24,28,52,Cr,stable,stable,83.789
25,27,52,Mn,4.831e+05,B+,
26,26,52,Fe,2.979e+04,B+,
27,25,52,Co,0.1117,B+,
28,24,52,Ni,0.0418,B+,
29,23,52,Cu,,p,
18,35,53,Ar,0.02,B-,
19,34,53,K,0.03,B-,
20,33,53,Ca,0.461,B-,
21,32,53,Sc,2.4,B-,
22,31,53,Ti,32.7,B-,
23,30,53,V,92.58,B-,
24,29,53,Cr,stable,stable,9.501
25,28,53,Mn,1.168e+14,EC,
26,27,53,Fe,510.6,B+,
27,26,53,Co,0.2446,B+,
28,25,53,Ni,0.0552,B+,
29,24,53,Cu,,p,
18,36,54,Ar,0.005,B-,
19,35,54,K,0.01,B-,
20,34,54,Ca,0.09,B-,
21,33,54,Sc,0.526,B-,
22,32,54,Ti,2.1,B-,
23,31,54,V,49.8,B-,
24,30,54,Cr,stable,stable,2.365
25,29,54,Mn,2.696e+07,EC,
26,28,54,Fe,stable,stable,5.845
27,27,54,Co,0.1933,B+,
28,26,54,Ni,0.1141,B+,
29,25,54,Cu,,p,
30,24,54,Zn,0.0018,2p,
19,36,55,K,0.01,B-,
20,35,55,Ca,0.022,B-,
21,34,55,Sc,0.096,B-,
22,33,55,Ti,1.3,B-,
23,32,55,V,6.54,B-,
24,31,55,Cr,209.8,B-,
25,30,55,Mn,stable,stable,100
26,29,55,Fe,8.698e+07,EC,
27,28,55,Co,6.311e+04,B+,
28,27,55,Ni,0.2039,B+,
29,26,55,Cu,0.0559,B+,
30,25,55,Zn,0.0198,B+,
19,37,56,K,0.005,B-,
20,36,56,Ca,0.011,B-,
21,35,56,Sc,0.026,B-,
22,34,56,Ti,0.2,B-,
23,33,56,V,0.216,B-,
24,32,56,Cr,356.4,B-,
25,31,56,Mn,9284,B-,
26,30,56,Fe,stable,stable,91.754
27,29,56,Co,6.673e+06,B+,
28,28,56,Ni,5.249e+05,B+,
29,27,56,Cu,0.0808,B+,
30,26,56,Zn,0.0324,B+,
31,25,56,Ga,,p,
19,38,57,K,0.002,B-,
20,37,57,Ca,0.008,B-,
21,36,57,Sc,0.022,B-,
22,35,57,Ti,0.095,B-,
23,34,57,V,0.35,B-,
24,33,57,Cr,21.1,B-,
25,32,57,Mn,85.4,B-,
26,31,57,Fe,stable,stable,2.119
27,30,57,Co,2.348e+07,EC,
28,29,57,Ni,1.282e+05,B+,
29,28,57,Cu,0.1964,B+,
30,27,57,Zn,0.0457,B+,
31,26,57,Ga,,p,
19,39,58,K,0.002,B-,
20,38,58,Ca,0.004,B-,
21,37,58,Sc,0.012,B-,
22,36,58,Ti,0.055,B-,
23,35,58,V,0.191,B-,
24,34,58,Cr,7,B-,
25,33,58,Mn,3,B-,
26,32,58,Fe,stable,stable,0.282
27,31,58,Co,6.121e+06,B+,
28,30,58,Ni,stable,stable,68.0769
29,29,58,Cu,3.204,B+,
30,28,58,Zn,0.086,B+,
31,27,58,Ga,,p,
32,26,58,Ge,,2p,
19,40,59,K,0.001,B-,
20,39,59,Ca,0.005,B-,
21,38,59,Sc,0.012,B-,
22,37,59,Ti,0.0285,B-,
23,36,59,V,0.095,B-,
24,35,59,Cr,1.05,B-,
25,34,59,Mn,4.59,B-,
26,33,59,Fe,3.845e+06,B-,
27,32,59,Co,stable,stable,100
28,31,59,Ni,2.556e+12,B+,
29,30,59,Cu,81.5,B+,
30,29,59,Zn,0.1787,B+,
31,28,59,Ga,,p,
32,27,59,Ge,0.0133,B+,
20,40,60,Ca,0.002,B-,
21,39,60,Sc,0.01,B-,
22,38,60,Ti,0.0222,B-,
23,37,60,V,0.122,B-,
24,36,60,Cr,0.49,B-,
25,35,60,Mn,0.28,B-,
26,34,60,Fe,8.268e+13,B-,
27,33,60,Co,1.663e+08,B-,
28,32,60,Ni,stable,stable,26.2231
29,31,60,Cu,1422,B+,
30,30,60,Zn,142.8,B+,
31,29,60,Ga,0.0724,B+,
32,28,60,Ge,0.021,B+,
33,27,60,As,,p,
20,41,61,Ca,0.001,B-,
21,40,61,Sc,0.007,B-,
22,39,61,Ti,0.015,B-,
23,38,61,V,0.0482,B-,
24,37,61,Cr,0.243,B-,
25,36,61,Mn,0.709,B-,
26,35,61,Fe,358.8,B-,
27,34,61,Co,5936,B-,
28,33,61,Ni,stable,stable,1.1399
29,32,61,Cu,1.203e+04,B+,
30,31,61,Zn,89.1,B+,
31,30,61,Ga,0.1659,B+,
32,29,61,Ge,0.0407,B+,
33,28,61,As,,p,
21,41,62,Sc,0.002,B-,
22,40,62,Ti,0.009,B-,
23,39,62,V,0.0336,B-,
24,38,62,Cr,0.206,B-,
25,37,62,Mn,0.092,B-,
26,36,62,Fe,68,B-,
27,35,62,Co,92.4,B-,
28,34,62,Ni,stable,stable,3.6345
29,33,62,Cu,580.3,B+,
30,32,62,Zn,3.309e+04,B+,
31,31,62,Ga,0.1161,B+,
32,30,62,Ge,0.0825,B+,
33,29,62,As,,p,
21,42,63,Sc,0.001,B-,
22,41,63,Ti,0.01,B-,
23,40,63,V,0.0196,B-,
24,39,63,Cr,0.129,B-,
25,38,63,Mn,0.275,B-,
26,37,63,Fe,6.1,B-,
27,36,63,Co,26.9,B-,
28,35,63,Ni,3.194e+09,B-,
29,34,63,Cu,stable,stable,69.15
30,33,63,Zn,2308,B+,
31,32,63,Ga,32.4,B+,
32,31,63,Ge,0.1536,B+,
33,30,63,As,,p,
34,29,63,Se,0.0132,B+,
22,42,64,Ti,0.005,B-,
23,41,64,V,0.015,B-,
24,40,64,Cr,0.043,B-,
25,39,64,Mn,0.0888,B-,
26,38,64,Fe,2,B-,
27,37,64,Co,0.3,B-,
28,36,64,Ni,stable,stable,0.9256
29,35,64,Cu,4.572e+04,B+,
30,34,64,Zn,stable,stable,49.17
31,33,64,Ga,157.6,B+,
32,32,64,Ge,63.7,B+,
33,31,64,As,0.069,B+,
34,30,64,Se,0.0226,B+,
22,43,65,Ti,0.001,B-,
23,42,65,V,0.014,B-,
24,41,65,Cr,0.0275,B-,
25,40,65,Mn,0.0919,B-,
26,39,65,Fe,0.805,B-,
27,38,65,Co,1.16,B-,
28,37,65,Ni,9063,B-,
29,36,65,Cu,stable,stable,30.85
30,35,65,Zn,2.108e+07,B+,
31,34,65,Ga,908,B+,
32,33,65,Ge,30.9,B+,
33,32,65,As,0.1303,B+,
34,31,65,Se,0.0342,B+,
35,30,65,Br,,p,
23,43,66,V,0.01,B-,
24,42,66,Cr,0.0238,B-,
25,41,66,Mn,0.0638,B-,
26,40,66,Fe,0.467,B-,
27,39,66,Co,0.194,B-,
28,38,66,Ni,1.966e+05,B-,
29,37,66,Cu,307.2,B-,
30,36,66,Zn,stable,stable,27.73
31,35,66,Ga,3.349e+04,B+,
32,34,66,Ge,8136,B+,
33,33,66,As,0.09577,B+,
34,32,66,Se,0.054,B+,
35,31,66,Br,,p,
23,44,67,V,0.008,B-,
24,43,67,Cr,0.011,B-,
25,42,67,Mn,0.0467,B-,
26,41,67,Fe,0.394,B-,
27,40,67,Co,0.329,B-,
28,39,67,Ni,21,B-,
29,38,67,Cu,2.226e+05,B-,
30,37,67,Zn,stable,stable,4.04
31,36,67,Ga,2.818e+05,EC,
32,35,67,Ge,1134,B+,
33,34,67,As,42.5,B+,
34,33,67,Se,0.133,B+,
35,32,67,Br,,p,
36,31,67,Kr,0.0074,2p,
24,44,68,Cr,0.01,B-,
25,43,68,Mn,0.0337,B-,
26,42,68,Fe,0.188,B-,
27,41,68,Co,0.2,B-,
28,40,68,Ni,29,B-,
29,39,68,Cu,30.9,B-,
30,38,68,Zn,stable,stable,18.45
31,37,68,Ga,4071,B+,
32,36,68,Ge,2.342e+07,EC,
33,35,68,As,151.6,B+,
34,34,68,Se,35.5,B+,
35,33,68,Br,,p,
36,32,68,Kr,0.0216,B+,
24,45,69,Cr,0.006,B-,
25,44,69,Mn,0.0221,B-,
26,43,69,Fe,0.162,B-,
27,42,69,Co,0.18,B-,
28,41,69,Ni,11.4,B-,
29,40,69,Cu,171,B-,
30,39,69,Zn,3384,B-,
31,38,69,Ga,stable,stable,60.108
32,37,69,Ge,1.406e+05,B+,
33,36,69,As,912,B+,
34,35,69,Se,27.4,B+,
35,34,69,Br,2.4e-08,p,
36,33,69,Kr,0.0279,B+,
24,46,70,Cr,0.006,B-,
25,45,70,Mn,0.0199,B-,
26,44,70,Fe,0.0614,B-,
27,43,70,Co,0.508,B-,
28,42,70,Ni,6,B-,
29,41,70,Cu,44.5,B-,
30,40,70,Zn,stable,stable,0.61
31,39,70,Ga,1268,B-,
32,38,70,Ge,stable,stable,20.52
33,37,70,As,3156,B+,
34,36,70,Se,2466,B+,
35,35,70,Br,0.0788,B+,
36,34,70,Kr,0.045,B+,
25,46,71,Mn,0.016,B-,
26,45,71,Fe,0.0343,B-,
27,44,71,Co,0.08,B-,
28,43,71,Ni,2.56,B-,
29,42,71,Cu,19.4,B-,
30,41,71,Zn,144,B-,
31,40,71,Ga,stable,stable,39.892
32,39,71,Ge,9.876e+05,EC,
33,38,71,As,2.351e+05,B+,
34,37,71,Se,284.4,B+,
35,36,71,Br,21.4,B+,
36,35,71,Kr,0.0988,B+,
37,34,71,Rb,,p,
25,47,72,Mn,0.012,B-,
26,46,72,Fe,0.017,B-,
27,45,72,Co,0.0515,B-,
28,44,72,Ni,1.57,B-,
29,43,72,Cu,6.63,B-,
30,42,72,Zn,1.674e+05,B-,
31,41,72,Ga,5.049e+04,B-,
32,40,72,Ge,stable,stable,27.45
33,39,72,As,9.36e+04,B+,
34,38,72,Se,7.258e+05,EC,
35,37,72,Br,78.6,B+,
36,36,72,Kr,17.16,B+,
37,35,72,Rb,1.03e-07,p,
25,48,73,Mn,0.012,B-,
26,47,73,Fe,0.0129,B-,
27,46,73,Co,0.042,B-,
28,45,73,Ni,0.84,B-,
29,44,73,Cu,4.2,B-,
30,43,73,Zn,24.5,B-,
31,42,73,Ga,1.75e+04,B-,
32,41,73,Ge,stable,stable,7.76
33,40,73,As,6.938e+06,EC,
34,39,73,Se,2.574e+04,B+,
35,38,73,Br,204,B+,
36,37,73,Kr,27.3,B+,
37,36,73,Rb,8.1e-08,B+,
38,35,73,Sr,0.0253,B+,
26,48,74,Fe,0.005,B-,
27,47,74,Co,0.0313,B-,
28,46,74,Ni,0.5077,B-,
29,45,74,Cu,1.606,B-,
30,44,74,Zn,95.6,B-,
31,43,74,Ga,487.2,B-,
32,42,74,Ge,stable,stable,36.52
33,41,74,As,1.535e+06,B+,
34,40,74,Se,stable,stable,0.86
35,39,74,Br,1524,B+,
36,38,74,Kr,690,B+,
37,37,74,Rb,0.06478,B+,
38,36,74,Sr,0.0276,B+,
26,49,75,Fe,0.009,B-,
27,48,75,Co,0.0265,B-,
28,47,75,Ni,0.3316,B-,
29,46,75,Cu,1.224,B-,
30,45,75,Zn,10.2,B-,
31,44,75,Ga,126,B-,
32,43,75,Ge,4967,B-,
33,42,75,As,stable,stable,100
34,41,75,Se,1.035e+07,EC,
35,40,75,Br,5802,B+,
36,39,75,Kr,276,B+,
37,38,75,Rb,19,B+,
38,37,75,Sr,0.0852,B+,
39,36,75,Y,0.0001,B+,
26,50,76,Fe,0.003,B-,
27,49,76,Co,0.023,B-,
28,48,76,Ni,0.2346,B-,
29,47,76,Cu,0.6377,B-,
30,46,76,Zn,5.7,B-,
31,45,76,Ga,30.6,B-,
32,44,76,Ge,5.933e+28,2B-,7.75
33,43,76,As,9.446e+04,B-,
34,42,76,Se,stable,stable,9.23
35,41,76,Br,5.832e+04,B+,
36,40,76,Kr,5.328e+04,B+,
37,39,76,Rb,36.5,B+,
38,38,76,Sr,7.89,B+,
39,37,76,Y,0.028,B+,
27,50,77,Co,0.015,B-,
28,49,77,Ni,0.1589,B-,
29,48,77,Cu,0.4703,B-,
30,47,77,Zn,2.08,B-,
31,46,77,Ga,13.2,B-,
32,45,77,Ge,4.036e+04,B-,
33,44,77,As,1.396e+05,B-,
34,43,77,Se,stable,stable,7.60
35,42,77,Br,2.053e+05,B+,
36,41,77,Kr,4356,B+,
37,40,77,Rb,226.8,B+,
38,39,77,Sr,9,B+,
39,38,77,Y,0.063,B+,
40,37,77,Zr,0.0001,B+,
27,51,78,Co,0.011,B-,
28,50,78,Ni,0.1222,B-,
29,49,78,Cu,0.3307,B-,
30,48,78,Zn,1.47,B-,
31,47,78,Ga,5.09,B-,
32,46,78,Ge,5280,B-,
33,45,78,As,5442,B-,
34,44,78,Se,stable,stable,23.69
35,43,78,Br,387,B+,
36,42,78,Kr,stable,stable,0.355
37,41,78,Rb,1060,B+,
38,40,78,Sr,156.1,B+,
39,39,78,Y,0.054,B+,
40,38,78,Zr,0.05,B+,
28,51,79,Ni,0.044,B-,
29,50,79,Cu,0.2413,B-,
30,49,79,Zn,0.746,B-,
31,48,79,Ga,2.848,B-,
32,47,79,Ge,18.98,B-,
33,46,79,As,540.6,B-,
34,45,79,Se,1.032e+13,B-,
35,44,79,Br,stable,stable,50.65
36,43,79,Kr,1.261e+05,B+,
37,42,79,Rb,1374,B+,
38,41,79,Sr,135,B+,
39,40,79,Y,14.8,B+,
40,39,79,Zr,0.056,B+,
41,38,79,Nb,,p,
28,52,80,Ni,0.03,B-,
29,51,80,Cu,0.1133,B-,
30,50,80,Zn,0.5622,B-,
31,49,80,Ga,1.9,B-,
32,48,80,Ge,29.5,B-,
33,47,80,As,15.2,B-,
34,46,80,Se,stable,stable,49.80
35,45,80,Br,1061,B-,
36,44,80,Kr,stable,stable,2.286
37,43,80,Rb,33.4,B+,
38,42,80,Sr,6378,B+,
39,41,80,Y,30.1,B+,
40,40,80,Zr,4.6,B+,
41,39,80,Nb,,p,
28,53,81,Ni,0.03,B-,
29,52,81,Cu,0.0732,B-,
30,51,81,Zn,0.2994,B-,
31,50,81,Ga,1.217,B-,
32,49,81,Ge,9,B-,
33,48,81,As,33.3,B-,
34,47,81,Se,1107,B-,
35,46,81,Br,stable,stable,49.35
36,45,81,Kr,7.227e+12,EC,
37,44,81,Rb,1.646e+04,B+,
38,43,81,Sr,1338,B+,
39,42,81,Y,70.4,B+,
40,41,81,Zr,5.5,B+,
41,40,81,Nb,,p,
42,39,81,Mo,0.001,B+,
28,54,82,Ni,0.016,B-,
29,53,82,Cu,0.034,B-,
30,52,82,Zn,0.1779,B-,
31,51,82,Ga,0.6,B-,
32,50,82,Ge,4.31,B-,
33,49,82,As,19.1,B-,
34,48,82,Se,2.764e+27,2B-,8.82
35,47,82,Br,1.27e+05,B-,
36,46,82,Kr,stable,stable,11.593
37,45,82,Rb,75.45,B+,
38,44,82,Sr,2.19e+06,EC,
39,43,82,Y,8.3,B+,
40,42,82,Zr,32,B+,
41,41,82,Nb,0.051,B+,
42,40,82,Mo,0.03,B+,
29,54,83,Cu,0.021,B-,
30,53,83,Zn,0.1,B-,
31,52,83,Ga,0.31,B-,
32,51,83,Ge,1.85,B-,
33,50,83,As,13.4,B-,
34,49,83,Se,1335,B-,
35,48,83,Br,8546,B-,
36,47,83,Kr,stable,stable,11.500
37,46,83,Rb,7.448e+06,EC,
38,45,83,Sr,1.167e+05,B+,
39,44,83,Y,424.8,B+,
40,43,83,Zr,42,B+,
41,42,83,Nb,3.9,B+,
42,41,83,Mo,0.023,B+,
43,40,83,Tc,,p,
29,55,84,Cu,,B-,
30,54,84,Zn,0.054,B-,
31,53,84,Ga,0.0976,B-,
32,52,84,Ge,0.951,B-,
33,51,84,As,3.16,B-,
34,50,84,Se,195.6,B-,
35,49,84,Br,1906,B-,
36,48,84,Kr,stable,stable,56.987
37,47,84,Rb,2.836e+06,B+,
38,46,84,Sr,stable,stable,00.56
39,45,84,Y,2370,B+,
40,44,84,Zr,1548,B+,
41,43,84,Nb,9.8,B+,
42,42,84,Mo,2.3,B+,
43,41,84,Tc,,p,
30,55,85,Zn,0.04,B-,
31,54,85,Ga,0.0953,B-,
32,53,85,Ge,0.495,B-,
33,52,85,As,2.022,B-,
34,51,85,Se,32.9,B-,
35,50,85,Br,174,B-,
36,49,85,Kr,3.385e+08,B-,
37,48,85,Rb,stable,stable,72.17
38,47,85,Sr,5.603e+06,EC,
39,46,85,Y,9648,B+,
40,45,85,Zr,471.6,B+,
41,44,85,Nb,20.5,B+,
42,43,85,Mo,3.2,B+,
43,42,85,Tc,,p,
44,41,85,Ru,0.001,B+,
30,56,86,Zn,,B-,
31,55,86,Ga,0.049,B-,
32,54,86,Ge,0.2216,B-,
33,53,86,As,0.945,B-,
34,52,86,Se,14.3,B-,
35,51,86,Br,55.1,B-,
36,50,86,Kr,stable,stable,17.279
37,49,86,Rb,1.611e+06,B-,
38,48,86,Sr,stable,stable,9.86
39,47,86,Y,5.306e+04,B+,
40,46,86,Zr,5.94e+04,B+,
41,45,86,Nb,88,B+,
42,44,86,Mo,19.1,B+,
43,43,86,Tc,0.055,B+,
44,42,86,Ru,0.05,B+,
31,56,87,Ga,0.029,B-,
32,55,87,Ge,0.103,B-,
33,54,87,As,0.492,B-,
34,53,87,Se,5.5,B-,
35,52,87,Br,55.68,B-,
36,51,87,Kr,4578,B-,
37,50,87,Rb,1.568e+18,B-,27.83
38,49,87,Sr,stable,stable,7.00
39,48,87,Y,2.873e+05,B+,
40,47,87,Zr,6048,B+,
41,46,87,Nb,222,B+,
42,45,87,Mo,14.1,B+,
43,44,87,Tc,2.14,B+,
44,43,87,Ru,0.05,B+,
31,57,88,Ga,,B-,
32,56,88,Ge,0.061,B-,
33,55,88,As,0.27,B-,
34,54,88,Se,1.53,B-,
35,53,88,Br,16.34,B-,
36,52,88,Kr,1.017e+04,B-,
37,51,88,Rb,1067,B-,
38,50,88,Sr,stable,stable,82.58
39,49,88,Y,9.213e+06,B+,
40,48,88,Zr,7.206e+06,EC,
41,47,88,Nb,870,B+,
42,46,88,Mo,480,B+,
43,45,88,Tc,6.4,B+,
44,44,88,Ru,1.5,B+,
45,43,88,Rh,0.001,B+,
32,57,89,Ge,0.06,B-,
33,56,89,As,0.22,B-,
34,55,89,Se,0.43,B-,
35,54,89,Br,4.357,B-,
36,53,89,Kr,189,B-,
37,52,89,Rb,919.2,B-,
38,51,89,Sr,4.369e+06,B-,
39,50,89,Y,stable,stable,100
40,49,89,Zr,2.821e+05,B+,
41,48,89,Nb,7308,B+,
42,47,89,Mo,126.6,B+,
43,46,89,Tc,12.8,B+,
44,45,89,Ru,1.32,B+,
45,44,89,Rh,,B+,
32,58,90,Ge,0.03,B-,
33,57,90,As,0.07,B-,
34,56,90,Se,0.21,B-,
35,55,90,Br,1.91,B-,
36,54,90,Kr,32.32,B-,
37,53,90,Rb,158,B-,
38,52,90,Sr,9.123e+08,B-,
39,51,90,Y,2.306e+05,B-,
40,50,90,Zr,stable,stable,51.45
41,49,90,Nb,5.256e+04,B+,
42,48,90,Mo,2.002e+04,B+,
43,47,90,Tc,49.2,B+,
44,46,90,Ru,11.7,B+,
45,45,90,Rh,0.029,B+,
46,44,90,Pd,0.01,B+,
33,58,91,As,0.1,B-,
34,57,91,Se,0.27,B-,
35,56,91,Br,0.543,B-,
36,55,91,Kr,8.57,B-,
37,54,91,Rb,58.2,B-,
38,53,91,Sr,3.474e+04,B-,
39,52,91,Y,5.055e+06,B-,
40,51,91,Zr,stable,stable,11.22
41,50,91,Nb,2.146e+10,EC,
42,49,91,Mo,929.4,B+,
43,48,91,Tc,188.4,B+,
44,47,91,Ru,8,B+,
45,46,91,Rh,1.47,B+,
46,45,91,Pd,0.032,B+,
33,59,92,As,0.045,B-,
34,58,92,Se,0.09,B-,
35,57,92,Br,0.314,B-,
36,56,92,Kr,1.84,B-,
37,55,92,Rb,4.48,B-,
38,54,92,Sr,9400,B-,
39,53,92,Y,1.274e+04,B-,
40,52,92,Zr,stable,stable,17.15
41,51,92,Nb,1.095e+15,B+,
42,50,92,Mo,stable,stable,14.649
43,49,92,Tc,255,B+,
44,48,92,Ru,219,B+,
45,47,92,Rh,5.61,B+,
46,46,92,Pd,1.06,B+,
47,45,92,Ag,0.001,B+,
34,59,93,Se,0.13,B-,
35,58,93,Br,0.152,B-,
36,57,93,Kr,1.287,B-,
37,56,93,Rb,5.84,B-,
38,55,93,Sr,445.8,B-,
39,54,93,Y,3.665e+04,B-,
40,53,93,Zr,5.081e+13,B-,
41,52,93,Nb,stable,stable,100
42,51,93,Mo,1.262e+11,EC,
43,50,93,Tc,9900,B+,
44,49,93,Ru,59.7,B+,
45,48,93,Rh,13.9,B+,
46,47,93,Pd,1.17,B+,
47,46,93,Ag,2.28e-07,p,
34,60,94,Se,0.05,B-,
35,59,94,Br,0.07,B-,
36,58,94,Kr,0.212,B-,
37,57,94,Rb,2.702,B-,
38,56,94,Sr,75.3,B-,
39,55,94,Y,1122,B-,
40,54,94,Zr,stable,stable,17.38
41,53,94,Nb,6.438e+11,B-,
42,52,94,Mo,stable,stable,9.187
43,51,94,Tc,1.758e+04,B+,
44,50,94,Ru,3108,B+,
45,49,94,Rh,70.6,B+,
46,48,94,Pd,9.1,B+,
47,47,94,Ag,0.027,B+,
48,46,94,Cd,0.08,B+,
34,61,95,Se,0.07,B-,
35,60,95,Br,0.08,B-,
36,59,95,Kr,0.114,B-,
37,58,95,Rb,0.3777,B-,
38,57,95,Sr,23.9,B-,
39,56,95,Y,618,B-,
40,55,95,Zr,5.532e+06,B-,
41,54,95,Nb,3.023e+06,B-,
42,53,95,Mo,stable,stable,15.873
43,52,95,Tc,6.933e+04,B+,
44,51,95,Ru,5785,B+,
45,50,95,Rh,301.2,B+,
46,49,95,Pd,7.4,B+,
47,48,95,Ag,1.78,B+,
48,47,95,Cd,0.032,B+,
35,61,96,Br,0.02,B-,
36,60,96,Kr,0.08,B-,
37,59,96,Rb,0.2015,B-,
38,58,96,Sr,1.059,B-,
39,57,96,Y,5.34,B-,
40,56,96,Zr,7.384e+26,2B-,2.80
41,55,96,Nb,8.406e+04,B-,
42,54,96,Mo,stable,stable,16.673
43,53,96,Tc,3.698e+05,B+,
44,52,96,Ru,stable,stable,5.54
45,51,96,Rh,594,B+,
46,50,96,Pd,122,B+,
47,49,96,Ag,4.45,B+,
48,48,96,Cd,1.003,B+,
49,47,96,In,0.001,B+,
35,62,97,Br,0.04,B-,
36,61,97,Kr,0.0622,B-,
37,60,97,Rb,0.1691,B-,
38,59,97,Sr,0.432,B-,
39,58,97,Y,3.75,B-,
40,57,97,Zr,6.03e+04,B-,
41,56,97,Nb,4326,B-,
42,55,97,Mo,stable,stable,9.582
43,54,97,Tc,1.329e+14,EC,
44,53,97,Ru,2.451e+05,B+,
45,52,97,Rh,1842,B+,
46,51,97,Pd,186,B+,
47,50,97,Ag,25.5,B+,
48,49,97,Cd,1.16,B+,
49,48,97,In,0.036,B+,
35,63,98,Br,0.015,B-,
36,62,98,Kr,0.0428,B-,
37,61,98,Rb,0.115,B-,
38,60,98,Sr,0.653,B-,
39,59,98,Y,0.548,B-,
40,58,98,Zr,30.7,B-,
41,57,98,Nb,2.86,B-,
42,56,98,Mo,stable,stable,24.292
43,55,98,Tc,1.325e+14,B-,
44,54,98,Ru,stable,stable,1.87
45,53,98,Rh,523.2,B+,
46,52,98,Pd,1062,B+,
47,51,98,Ag,47.5,B+,
48,50,98,Cd,9.29,B+,
49,49,98,In,0.03,B+,
36,63,99,Kr,0.04,B-,
37,62,99,Rb,0.054,B-,
38,61,99,Sr,0.2692,B-,
39,60,99,Y,1.484,B-,
40,59,99,Zr,2.1,B-,
41,58,99,Nb,15,B-,
42,57,99,Mo,2.374e+05,B-,
43,56,99,Tc,6.662e+12,B-,
44,55,99,Ru,stable,stable,12.76
45,54,99,Rh,1.391e+06,B+,
46,53,99,Pd,1284,B+,
47,52,99,Ag,124.2,B+,
48,51,99,Cd,17,B+,
49,50,99,In,3.11,B+,
50,49,99,Sn,0.024,B+,
36,64,100,Kr,0.012,B-,
37,63,100,Rb,0.0513,B-,
38,62,100,Sr,0.2021,B-,
39,61,100,Y,0.94,B-,
40,60,100,Zr,7.1,B-,
41,59,100,Nb,1.5,B-,
42,58,100,Mo,2.231e+26,2B-,9.744
43,57,100,Tc,15.46,B-,
44,56,100,Ru,stable,stable,12.60
45,55,100,Rh,7.488e+04,B+,
46,54,100,Pd,3.136e+05,EC,
47,53,100,Ag,120.6,B+,
48,52,100,Cd,49.1,B+,
49,51,100,In,5.62,B+,
50,50,100,Sn,1.18,B+,
36,65,101,Kr,0.009,B-,
37,64,101,Rb,0.0318,B-,
38,63,101,Sr,0.1137,B-,
39,62,101,Y,0.426,B-,
40,61,101,Zr,2.29,B-,
41,60,101,Nb,7.1,B-,
42,59,101,Mo,876.6,B-,
43,58,101,Tc,853.2,B-,
44,57,101,Ru,stable,stable,17.06
45,56,101,Rh,1.284e+08,EC,
46,55,101,Pd,3.049e+04,B+,
47,54,101,Ag,666,B+,
48,53,101,Cd,81.6,B+,
49,52,101,In,15.1,B+,
50,51,101,Sn,2.22,B+,
37,65,102,Rb,0.037,B-,
38,64,102,Sr,0.069,B-,
39,63,102,Y,0.36,B-,
40,62,102,Zr,2.01,B-,
41,61,102,Nb,4.3,B-,
42,60,102,Mo,678,B-,
43,59,102,Tc,5.28,B-,
44,58,102,Ru,stable,stable,31.55
45,57,102,Rh,1.788e+07,B+,
46,56,102,Pd,stable,stable,1.02
47,55,102,Ag,774,B+,
48,54,102,Cd,330,B+,
49,53,102,In,23.3,B+,
50,52,102,Sn,3.8,B+,
51,51,102,Sb,,p,
37,66,103,Rb,0.026,B-,
38,65,103,Sr,0.053,B-,
39,64,103,Y,0.239,B-,
40,63,103,Zr,1.38,B-,
41,62,103,Nb,1.34,B-,
42,61,103,Mo,67.5,B-,
43,60,103,Tc,54.2,B-,
44,59,103,Ru,3.391e+06,B-,
45,58,103,Rh,stable,stable,100
46,57,103,Pd,1.468e+06,EC,
47,56,103,Ag,3942,B+,
48,55,103,Cd,438,B+,
49,54,103,In,60,B+,
50,53,103,Sn,7,B+,
51,52,103,Sb,,p,
37,67,104,Rb,0.035,B-,
38,66,104,Sr,0.0506,B-,
39,65,104,Y,0.197,B-,
40,64,104,Zr,0.92,B-,
41,63,104,Nb,0.98,B-,
42,62,104,Mo,60,B-,
43,61,104,Tc,1098,B-,
44,60,104,Ru,stable,stable,18.62
45,59,104,Rh,42.3,B-,
46,58,104,Pd,stable,stable,11.14
47,57,104,Ag,4152,B+,
48,56,104,Cd,3462,B+,
49,55,104,In,108,B+,
50,54,104,Sn,20.8,B+,
51,53,104,Sb,0.47,B+,
52,52,104,Te,4e-09,A,
38,67,105,Sr,0.039,B-,
39,66,105,Y,0.095,B-,
40,65,105,Zr,0.67,B-,
41,64,105,Nb,2.91,B-,
42,63,105,Mo,36.3,B-,
43,62,105,Tc,458.4,B-,
44,61,105,Ru,1.598e+04,B-,
45,60,105,Rh,1.272e+05,B-,
46,59,105,Pd,stable,stable,22.33
47,58,105,Ag,3.567e+06,B+,
48,57,105,Cd,3330,B+,
49,56,105,In,304.2,B+,
50,55,105,Sn,32.7,B+,
51,54,105,Sb,1.12,B+,
52,53,105,Te,6.33e-07,A,
38,68,106,Sr,0.021,B-,
39,67,106,Y,0.075,B-,
40,66,106,Zr,0.179,B-,
41,65,106,Nb,0.9,B-,
42,64,106,Mo,8.73,B-,
43,63,106,Tc,35.6,B-,
44,62,106,Ru,3.212e+07,B-,
45,61,106,Rh,30.07,B-,
46,60,106,Pd,stable,stable,27.33
47,59,106,Ag,1438,B+,
48,58,106,Cd,stable,stable,1.245
49,57,106,In,372,B+,
50,56,106,Sn,115.2,B+,
51,55,106,Sb,0.6,B+,
52,54,106,Te,7.8e-05,A,
53,53,106,I,,A,
38,69,107,Sr,0.025,B-,
39,68,107,Y,0.0335,B-,
40,67,107,Zr,0.1457,B-,
41,66,107,Nb,0.286,B-,
42,65,107,Mo,3.5,B-,
43,64,107,Tc,21.2,B-,
44,63,107,Ru,225,B-,
45,62,107,Rh,1302,B-,
46,61,107,Pd,2.051e+14,B-,
47,60,107,Ag,stable,stable,51.839
48,59,107,Cd,2.34e+04,B+,
49,58,107,In,1944,B+,
50,57,107,Sn,174,B+,
51,56,107,Sb,4,B+,
52,55,107,Te,0.00322,A,
53,54,107,I,2e-05,A,
39,69,108,Y,0.03,B-,
40,68,108,Zr,0.0785,B-,
41,67,108,Nb,0.201,B-,
42,66,108,Mo,1.105,B-,
43,65,108,Tc,5.17,B-,
44,64,108,Ru,273,B-,
45,63,108,Rh,16.8,B-,
46,62,108,Pd,stable,stable,26.46
47,61,108,Ag,142.9,B-,
48,60,108,Cd,stable,stable,0.888
49,59,108,In,3480,B+,
50,58,108,Sn,618,B+,
51,57,108,Sb,7.4,B+,
52,56,108,Te,2.1,B+,
53,55,108,I,0.0264,A,
54,54,108,Xe,7.2e-05,A,
39,70,109,Y,0.025,B-,
40,69,109,Zr,0.056,B-,
41,68,109,Nb,0.1069,B-,
42,67,109,Mo,0.7,B-,
43,66,109,Tc,0.905,B-,
44,65,109,Ru,34.4,B-,
45,64,109,Rh,80.8,B-,
46,63,109,Pd,4.892e+04,B-,
47,62,109,Ag,stable,stable,48.161
48,61,109,Cd,3.986e+07,EC,
49,60,109,In,1.497e+04,B+,
50,59,109,Sn,1086,B+,
51,58,109,Sb,17.2,B+,
52,57,109,Te,4.4,B+,
53,56,109,I,9.28e-05,p,
54,55,109,Xe,0.013,A,
40,70,110,Zr,0.0375,B-,
41,69,110,Nb,0.075,B-,
42,68,110,Mo,0.292,B-,
43,67,110,Tc,0.9,B-,
44,66,110,Ru,12.04,B-,
45,65,110,Rh,3.35,B-,
46,64,110,Pd,stable,stable,11.72
47,63,110,Ag,24.56,B-,
48,62,110,Cd,stable,stable,12.470
49,61,110,In,1.771e+04,B+,
50,60,110,Sn,1.495e+04,EC,
51,59,110,Sb,23.6,B+,
52,58,110,Te,18.6,B+,
53,57,110,I,0.664,B+,
54,56,110,Xe,0.093,A,
40,71,111,Zr,0.024,B-,
41,70,111,Nb,0.054,B-,
42,69,111,Mo,0.1936,B-,
43,68,111,Tc,0.35,B-,
44,67,111,Ru,2.12,B-,
45,66,111,Rh,11,B-,
46,65,111,Pd,1414,B-,
47,64,111,Ag,6.422e+05,B-,
48,63,111,Cd,stable,stable,12.795
49,62,111,In,2.423e+05,EC,
50,61,111,Sn,2118,B+,
51,60,111,Sb,75,B+,
52,59,111,Te,26.2,B+,
53,58,111,I,2.5,B+,
54,57,111,Xe,0.74,B+,
55,56,111,Cs,1e-06,p,
40,72,112,Zr,0.043,B-,
41,71,112,Nb,0.038,B-,
42,70,112,Mo,0.125,B-,
43,69,112,Tc,0.323,B-,
44,68,112,Ru,1.75,B-,
45,67,112,Rh,3.4,B-,
46,66,112,Pd,7.574e+04,B-,
47,65,112,Ag,1.127e+04,B-,
48,64,112,Cd,stable,stable,24.109
49,63,112,In,892.8,B+,
50,62,112,Sn,stable,stable,0.97
51,61,112,Sb,53.5,B+,
52,60,112,Te,120,B+,
53,59,112,I,3.34,B+,
54,58,112,Xe,2.7,B+,
55,57,112,Cs,0.00049,p,
40,73,113,Zr,0.015,B-,
41,72,113,Nb,0.032,B-,
42,71,113,Mo,0.08,B-,
43,70,113,Tc,0.152,B-,
44,69,113,Ru,0.8,B-,
45,68,113,Rh,2.8,B-,
46,67,113,Pd,93,B-,
47,66,113,Ag,1.933e+04,B-,
48,65,113,Cd,2.537e+23,B-,12.227
49,64,113,In,stable,stable,4.281
50,63,113,Sn,9.943e+06,B+,
51,62,113,Sb,400.2,B+,
52,61,113,Te,102,B+,
53,60,113,I,6.6,B+,
54,59,113,Xe,2.74,B+,
55,58,113,Cs,1.694e-05,p,
56,57,113,Ba,0.03,p,
41,73,114,Nb,0.017,B-,
42,72,114,Mo,0.058,B-,
43,71,114,Tc,0.121,B-,
44,70,114,Ru,0.54,B-,
45,69,114,Rh,1.85,B-,
46,68,114,Pd,145.2,B-,
47,67,114,Ag,4.6,B-,
48,66,114,Cd,stable,stable,28.754
49,65,114,In,71.9,B-,
50,64,114,Sn,stable,stable,0.66
51,63,114,Sb,209.4,B+,
52,62,114,Te,912,B+,
53,61,114,I,2.01,B+,
54,60,114,Xe,10,B+,
55,59,114,Cs,0.57,B+,
56,58,114,Ba,0.46,B+,
41,74,115,Nb,0.023,B-,
42,73,115,Mo,0.0455,B-,
43,72,115,Tc,0.078,B-,
44,71,115,Ru,0.318,B-,
45,70,115,Rh,1.03,B-,
46,69,115,Pd,25,B-,
47,68,115,Ag,1200,B-,
48,67,115,Cd,1.925e+05,B-,
49,66,115,In,1.392e+22,B-,95.719
50,65,115,Sn,stable,stable,0.34
51,64,115,Sb,1926,B+,
52,63,115,Te,348,B+,
53,62,115,I,78,B+,
54,61,115,Xe,18,B+,
55,60,115,Cs,1.4,B+,
56,59,115,Ba,0.45,B+,
41,75,116,Nb,0.012,B-,
42,74,116,Mo,0.032,B-,
43,73,116,Tc,0.057,B-,
44,72,116,Ru,0.204,B-,
45,71,116,Rh,0.685,B-,
46,70,116,Pd,11.8,B-,
47,69,116,Ag,229.8,B-,
48,68,116,Cd,8.489e+26,2B-,7.512
49,67,116,In,14.1,B-,
50,66,116,Sn,stable,stable,14.54
51,65,116,Sb,948,B+,
52,64,116,Te,8964,B+,
53,63,116,I,2.91,B+,
54,62,116,Xe,59,B+,
55,61,116,Cs,0.7,B+,
56,60,116,Ba,1.3,B+,
57,59,116,La,0.01,B+,
42,75,117,Mo,0.022,B-,
43,74,117,Tc,0.0445,B-,
44,73,117,Ru,0.151,B-,
45,72,117,Rh,0.421,B-,
46,71,117,Pd,4.3,B-,
47,70,117,Ag,73.6,B-,
48,69,117,Cd,9011,B-,
49,68,117,In,2592,B-,
50,67,117,Sn,stable,stable,7.68
51,66,117,Sb,1.069e+04,B+,
52,65,117,Te,3720,B+,
53,64,117,I,133.2,B+,
54,63,117,Xe,61,B+,
55,62,117,Cs,8.4,B+,
56,61,117,Ba,1.75,B+,
57,60,117,La,0.0217,p,
42,76,118,Mo,0.021,B-,
43,75,118,Tc,0.03,B-,
44,74,118,Ru,0.099,B-,
45,73,118,Rh,0.282,B-,
46,72,118,Pd,1.9,B-,
47,71,118,Ag,3.76,B-,
48,70,118,Cd,3018,B-,
49,69,118,In,5,B-,
50,68,118,Sn,stable,stable,24.22
51,67,118,Sb,216,B+,
52,66,118,Te,5.184e+05,EC,
53,65,118,I,822,B+,
54,64,118,Xe,228,B+,
55,63,118,Cs,14,B+,
56,62,118,Ba,5.2,B+,
57,61,118,La,0.2,B+,
42,77,119,Mo,0.012,B-,
43,76,119,Tc,0.022,B-,
44,75,119,Ru,0.0695,B-,
45,74,119,Rh,0.19,B-,
46,73,119,Pd,0.92,B-,
47,72,119,Ag,6,B-,
48,71,119,Cd,161.4,B-,
49,70,119,In,144,B-,
50,69,119,Sn,stable,stable,8.59
51,68,119,Sb,1.375e+05,EC,
52,67,119,Te,5.778e+04,B+,
53,66,119,I,1146,B+,
54,65,119,Xe,348,B+,
55,64,119,Cs,43,B+,
56,63,119,Ba,5.4,B+,
57,62,119,La,1,B+,
58,61,119,Ce,0.2,B+,
43,77,120,Tc,0.021,B-,
44,76,120,Ru,0.045,B-,
45,75,120,Rh,0.1296,B-,
46,74,120,Pd,0.492,B-,
47,73,120,Ag,1.52,B-,
48,72,120,Cd,50.8,B-,
49,71,120,In,3.08,B-,
50,70,120,Sn,stable,stable,32.58
51,69,120,Sb,953.4,B+,
52,68,120,Te,stable,stable,0.09
53,67,120,I,4900,B+,
54,66,120,Xe,2760,B+,
55,65,120,Cs,60.4,B+,
56,64,120,Ba,24,B+,
57,63,120,La,2.8,B+,
58,62,120,Ce,0.25,B+,
43,78,121,Tc,0.022,B-,
44,77,121,Ru,0.029,B-,
45,76,121,Rh,0.074,B-,
46,75,121,Pd,0.29,B-,
47,74,121,Ag,0.777,B-,
48,73,121,Cd,13.5,B-,
49,72,121,In,23.1,B-,
50,71,121,Sn,9.731e+04,B-,
51,70,121,Sb,stable,stable,57.21
52,69,121,Te,1.668e+06,B+,
53,68,121,I,7632,B+,
54,67,121,Xe,2406,B+,
55,66,121,Cs,155,B+,
56,65,121,Ba,29.7,B+,
57,64,121,La,5.3,B+,
58,63,121,Ce,1.1,B+,
59,62,121,Pr,0.012,p,
43,79,122,Tc,0.013,B-,
44,78,122,Ru,0.025,B-,
45,77,122,Rh,0.051,B-,
46,76,122,Pd,0.193,B-,
47,75,122,Ag,0.529,B-,
48,74,122,Cd,5.24,B-,
49,73,122,In,1.5,B-,
50,72,122,Sn,stable,stable,4.63
51,71,122,Sb,2.353e+05,B-,
52,70,122,Te,stable,stable,2.55
53,69,122,I,217.8,B+,
54,68,122,Xe,7.236e+04,EC,
55,67,122,Cs,21.18,B+,
56,66,122,Ba,117,B+,
57,65,122,La,8.6,B+,
58,64,122,Ce,2,B+,
59,63,122,Pr,0.5,B+,
44,79,123,Ru,0.019,B-,
45,78,123,Rh,0.042,B-,
46,77,123,Pd,0.108,B-,
47,76,123,Ag,0.294,B-,
48,75,123,Cd,2.1,B-,
49,74,123,In,6.17,B-,
50,73,123,Sn,1.116e+07,B-,
51,72,123,Sb,stable,stable,42.79
52,71,123,Te,stable,stable,0.89
53,70,123,I,4.76e+04,B+,
54,69,123,Xe,7488,B+,
55,68,123,Cs,352.8,B+,
56,67,123,Ba,162,B+,
57,66,123,La,17,B+,
58,65,123,Ce,3.8,B+,
59,64,123,Pr,0.8,B+,
44,80,124,Ru,0.015,B-,
45,79,124,Rh,0.03,B-,
46,78,124,Pd,0.088,B-,
47,77,124,Ag,0.1779,B-,
48,76,124,Cd,1.25,B-,
49,75,124,In,3.12,B-,
50,74,124,Sn,stable,stable,5.79
51,73,124,Sb,5.201e+06,B-,
52,72,124,Te,stable,stable,4.74
53,71,124,I,3.608e+05,B+,
54,70,124,Xe,stable,stable,0.095
55,69,124,Cs,30.9,B+,
56,68,124,Ba,660,B+,
57,67,124,La,29.21,B+,
58,66,124,Ce,9.1,B+,
59,65,124,Pr,1.2,B+,
60,64,124,Nd,0.5,B+,
44,81,125,Ru,0.012,B-,
45,80,125,Rh,0.0265,B-,
46,79,125,Pd,0.06,B-,
47,78,125,Ag,0.16,B-,
48,77,125,Cd,0.68,B-,
49,76,125,In,2.36,B-,
50,75,125,Sn,8.324e+05,B-,
51,74,125,Sb,8.702e+07,B-,
52,73,125,Te,stable,stable,7.07
53,72,125,I,5.131e+06,EC,
54,71,125,Xe,6.073e+04,B+,
55,70,125,Cs,2661,B+,
56,69,125,Ba,198,B+,
57,68,125,La,64.8,B+,
58,67,125,Ce,9.7,B+,
59,66,125,Pr,3.3,B+,
60,65,125,Nd,0.65,B+,
45,81,126,Rh,0.019,B-,
46,80,126,Pd,0.0486,B-,
47,79,126,Ag,0.052,B-,
48,78,126,Cd,0.512,B-,
49,77,126,In,1.53,B-,
50,76,126,Sn,7.258e+12,B-,
51,75,126,Sb,1.067e+06,B-,
52,74,126,Te,stable,stable,18.84
53,73,126,I,1.117e+06,B+,
54,72,126,Xe,stable,stable,0.089
55,71,126,Cs,98.4,B+,
56,70,126,Ba,6000,B+,
57,69,126,La,54,B+,
58,68,126,Ce,51,B+,
59,67,126,Pr,3.12,B+,
60,66,126,Nd,1,B+,
61,65,126,Pm,0.5,B+,
45,82,127,Rh,0.028,B-,
46,81,127,Pd,0.038,B-,
47,80,127,Ag,0.089,B-,
48,79,127,Cd,0.48,B-,
49,78,127,In,1.086,B-,
50,77,127,Sn,7560,B-,
51,76,127,Sb,3.326e+05,B-,
52,75,127,Te,3.366e+04,B-,
53,74,127,I,stable,stable,100
54,73,127,Xe,3.14e+06,EC,
55,72,127,Cs,2.25e+04,B+,
56,71,127,Ba,762,B+,
57,70,127,La,306,B+,
58,69,127,Ce,34,B+,
59,68,127,Pr,4.2,B+,
60,67,127,Nd,1.8,B+,
61,66,127,Pm,1,B+,
45,83,128,Rh,0.008,B-,
46,82,128,Pd,0.035,B-,
47,81,128,Ag,0.06,B-,
48,80,128,Cd,0.246,B-,
49,79,128,In,0.816,B-,
50,78,128,Sn,3544,B-,
51,77,128,Sb,3.258e+04,B-,
52,76,128,Te,7.1e+31,2B-,31.74
53,75,128,I,1499,B-,
54,74,128,Xe,stable,stable,1.910
55,73,128,Cs,218.4,B+,
56,72,128,Ba,2.1e+05,EC,
57,71,128,La,310.8,B+,
58,70,128,Ce,235.8,B+,
59,69,128,Pr,2.85,B+,
60,68,128,Nd,5,B+,
61,67,128,Pm,1,B+,
62,66,128,Sm,0.5,B+,
46,83,129,Pd,0.031,B-,
47,82,129,Ag,0.0499,B-,
48,81,129,Cd,0.147,B-,
49,80,129,In,0.57,B-,
50,79,129,Sn,133.8,B-,
51,78,129,Sb,1.572e+04,B-,
52,77,129,Te,4176,B-,
53,76,129,I,5.093e+14,B-,
54,75,129,Xe,stable,stable,26.401
55,74,129,Cs,1.154e+05,B+,
56,73,129,Ba,8028,B+,
57,72,129,La,696,B+,
58,71,129,Ce,210,B+,
59,70,129,Pr,30,B+,
60,69,129,Nd,6.8,B+,
61,68,129,Pm,2.4,B+,
62,67,129,Sm,0.55,B+,
46,84,130,Pd,0.027,B-,
47,83,130,Ag,0.0406,B-,
48,82,130,Cd,0.1268,B-,
49,81,130,In,0.273,B-,
50,80,130,Sn,223.2,B-,
51,79,130,Sb,2370,B-,
52,78,130,Te,2.496e+28,2B-,34.08
53,77,130,I,4.45e+04,B-,
54,76,130,Xe,stable,stable,4.071
55,75,130,Cs,1753,B+,
56,74,130,Ba,stable,stable,0.11
57,73,130,La,522,B+,
58,72,130,Ce,1374,B+,
59,71,130,Pr,40,B+,
60,70,130,Nd,21,B+,
61,69,130,Pm,2.6,B+,
62,68,130,Sm,1,B+,
63,67,130,Eu,0.001,p,
46,85,131,Pd,0.02,B-,
47,84,131,Ag,0.035,B-,
48,83,131,Cd,0.098,B-,
49,82,131,In,0.2615,B-,
50,81,131,Sn,56,B-,
51,80,131,Sb,1382,B-,
52,79,131,Te,1500,B-,
53,78,131,I,6.934e+05,B-,
54,77,131,Xe,stable,stable,21.232
55,76,131,Cs,8.371e+05,EC,
56,75,131,Ba,9.953e+05,B+,
57,74,131,La,3540,B+,
58,73,131,Ce,618,B+,
59,72,131,Pr,90,B+,
60,71,131,Nd,25.4,B+,
61,70,131,Pm,6.3,B+,
62,69,131,Sm,1.2,B+,
63,68,131,Eu,0.0178,p,
47,85,132,Ag,0.03,B-,
48,84,132,Cd,0.084,B-,
49,83,132,In,0.2022,B-,
50,82,132,Sn,39.7,B-,
51,81,132,Sb,167.4,B-,
52,80,132,Te,2.768e+05,B-,
53,79,132,I,8262,B-,
54,78,132,Xe,stable,stable,26.909
55,77,132,Cs,5.599e+05,B+,
56,76,132,Ba,stable,stable,0.10
57,75,132,La,1.652e+04,B+,
58,74,132,Ce,1.264e+04,B+,
59,73,132,Pr,89.4,B+,
60,72,132,Nd,93.6,B+,
61,71,132,Pm,6.2,B+,
62,70,132,Sm,4,B+,
63,69,132,Eu,0.1,B+,
47,86,133,Ag,,B-,
48,85,133,Cd,0.061,B-,
49,84,133,In,0.163,B-,
50,83,133,Sn,1.37,B-,
51,82,133,Sb,140.4,B-,
52,81,133,Te,750,B-,
53,80,133,I,7.499e+04,B-,
54,79,133,Xe,4.534e+05,B-,
55,78,133,Cs,stable,stable,100
56,77,133,Ba,3.325e+08,EC,
57,76,133,La,1.408e+04,B+,
58,75,133,Ce,5820,B+,
59,74,133,Pr,390,B+,
60,73,133,Nd,70,B+,
61,72,133,Pm,13.5,B+,
62,71,133,Sm,2.89,B+,
63,70,133,Eu,0.2,B+,
64,69,133,Gd,0.01,B+,
48,86,134,Cd,0.065,B-,
49,85,134,In,0.136,B-,
50,84,134,Sn,0.93,B-,
51,83,134,Sb,0.674,B-,
52,82,134,Te,2508,B-,
53,81,134,I,3150,B-,
54,80,134,Xe,stable,stable,10.436
55,79,134,Cs,6.517e+07,B-,
56,78,134,Ba,stable,stable,2.42
57,77,134,La,387,B+,
58,76,134,Ce,2.73e+05,EC,
59,75,134,Pr,1020,B+,
60,74,134,Nd,510,B+,
61,73,134,Pm,22,B+,
62,72,134,Sm,9.5,B+,
63,71,134,Eu,0.5,B+,
64,70,134,Gd,0.4,B+,
48,87,135,Cd,,B-,
49,86,135,In,0.103,B-,
50,85,135,Sn,0.515,B-,
51,84,135,Sb,1.668,B-,
52,83,135,Te,19,B-,
53,82,135,I,2.369e+04,B-,
54,81,135,Xe,3.29e+04,B-,
55,80,135,Cs,4.197e+13,B-,
56,79,135,Ba,stable,stable,6.59
57,78,135,La,6.808e+04,B+,
58,77,135,Ce,6.372e+04,B+,
59,76,135,Pr,1440,B+,
60,75,135,Nd,744,B+,
61,74,135,Pm,49,B+,
62,73,135,Sm,10.3,B+,
63,72,135,Eu,1.5,B+,
64,71,135,Gd,1.1,B+,
65,70,135,Tb,0.00101,p,
49,87,136,In,0.086,B-,
50,86,136,Sn,0.355,B-,
51,85,136,Sb,0.923,B-,
52,84,136,Te,17.63,B-,
53,83,136,I,83.4,B-,
54,82,136,Xe,6.879e+28,2B-,8.857
55,81,136,Cs,1.124e+06,B-,
56,80,136,Ba,stable,stable,7.85
57,79,136,La,592.2,B+,
58,78,136,Ce,stable,stable,0.186
59,77,136,Pr,786,B+,
60,76,136,Nd,3039,B+,
61,75,136,Pm,107,B+,
62,74,136,Sm,47,B+,
63,73,136,Eu,3.3,B+,
64,72,136,Gd,1,B+,
65,71,136,Tb,0.2,B+,
49,88,137,In,0.07,B-,
50,87,137,Sn,0.249,B-,
51,86,137,Sb,0.497,B-,
52,85,137,Te,2.49,B-,
53,84,137,I,24.13,B-,
54,83,137,Xe,229.1,B-,
55,82,137,Cs,9.48e+08,B-,
56,81,137,Ba,stable,stable,11.23
57,80,137,La,1.893e+12,EC,
58,79,137,Ce,3.24e+04,B+,
59,78,137,Pr,4608,B+,
60,77,137,Nd,2310,B+,
61,76,137,Pm,120,B+,
62,75,137,Sm,45,B+,
63,74,137,Eu,8.4,B+,
64,73,137,Gd,2.2,B+,
65,72,137,Tb,0.6,p,
50,88,138,Sn,0.148,B-,
51,87,138,Sb,0.333,B-,
52,86,138,Te,1.46,B-,
53,85,138,I,6.26,B-,
54,84,138,Xe,848.4,B-,
55,83,138,Cs,2010,B-,
56,82,138,Ba,stable,stable,71.70
57,81,138,La,3.25e+18,B+,0.08881
58,80,138,Ce,stable,stable,0.251
59,79,138,Pr,87,B+,
60,78,138,Nd,1.814e+04,B+,
61,77,138,Pm,194.4,B+,
62,76,138,Sm,186,B+,
63,75,138,Eu,5,B+,
64,74,138,Gd,4.7,B+,
65,73,138,Tb,0.8,B+,
66,72,138,Dy,0.2,B+,
50,89,139,Sn,0.12,B-,
51,88,139,Sb,0.182,B-,
52,87,139,Te,0.724,B-,
53,86,139,I,2.28,B-,
54,85,139,Xe,39.68,B-,
55,84,139,Cs,556.2,B-,
56,83,139,Ba,4976,B-,
57,82,139,La,stable,stable,99.91119
58,81,139,Ce,1.189e+07,EC,
59,80,139,Pr,1.588e+04,B+,
60,79,139,Nd,1782,B+,
61,78,139,Pm,249,B+,
62,77,139,Sm,154.2,B+,
63,76,139,Eu,17.9,B+,
64,75,139,Gd,5.7,B+,
65,74,139,Tb,1.6,B+,
66,73,139,Dy,0.6,B+,
50,90,140,Sn,0.05,B-,
51,89,140,Sb,0.17,B-,
52,88,140,Te,0.351,B-,
53,87,140,I,0.588,B-,
54,86,140,Xe,13.6,B-,
55,85,140,Cs,63.7,B-,
56,84,140,Ba,1.102e+06,B-,
57,83,140,La,1.45e+05,B-,
58,82,140,Ce,stable,stable,88.449
59,81,140,Pr,203.4,B+,
60,80,140,Nd,2.912e+05,EC,
61,79,140,Pm,9.2,B+,
62,78,140,Sm,889.2,B+,
63,77,140,Eu,1.51,B+,
64,76,140,Gd,15.8,B+,
65,75,140,Tb,2.29,B+,
66,74,140,Dy,0.7,B+,
67,73,140,Ho,0.006,p,
51,90,141,Sb,0.103,B-,
52,89,141,Te,0.193,B-,
53,88,141,I,0.42,B-,
54,87,141,Xe,1.73,B-,
55,86,141,Cs,24.84,B-,
56,85,141,Ba,1096,B-,
57,84,141,La,1.411e+04,B-,
58,83,141,Ce,2.808e+06,B-,
59,82,141,Pr,stable,stable,100
60,81,141,Nd,8964,B+,
61,80,141,Pm,1254,B+,
62,79,141,Sm,612,B+,
63,78,141,Eu,40.7,B+,
64,77,141,Gd,14,B+,
65,76,141,Tb,3.5,B+,
66,75,141,Dy,0.9,B+,
67,74,141,Ho,0.0041,p,
51,91,142,Sb,0.08,B-,
52,90,142,Te,0.147,B-,
53,89,142,I,0.235,B-,
54,88,142,Xe,1.23,B-,
55,87,142,Cs,1.687,B-,
56,86,142,Ba,636,B-,
57,85,142,La,5466,B-,
58,84,142,Ce,stable,stable,11.114
59,83,142,Pr,6.883e+04,B-,
60,82,142,Nd,stable,stable,27.153
61,81,142,Pm,40.5,B+,
62,80,142,Sm,4349,B+,
63,79,142,Eu,2.36,B+,
64,78,142,Gd,70.2,B+,
65,77,142,Tb,0.597,B+,
66,76,142,Dy,2.3,B+,
67,75,142,Ho,0.4,B+,
68,74,142,Er,1e-05,p,
52,91,143,Te,0.12,B-,
53,90,143,I,0.182,B-,
54,89,143,Xe,0.511,B-,
55,88,143,Cs,1.802,B-,
56,87,143,Ba,14.5,B-,
57,86,143,La,852,B-,
58,85,143,Ce,1.189e+05,B-,
59,84,143,Pr,1.172e+06,B-,
60,83,143,Nd,stable,stable,12.173
61,82,143,Pm,2.29e+07,EC,
62,81,143,Sm,525,B+,
63,80,143,Eu,155.4,B+,
64,79,143,Gd,39,B+,
65,78,143,Tb,12,B+,
66,77,143,Dy,5.6,B+,
67,76,143,Ho,0.3,B+,
68,75,143,Er,0.2,B+,
52,92,144,Te,0.093,B-,
53,91,144,I,0.094,B-,
54,90,144,Xe,0.388,B-,
55,89,144,Cs,0.994,B-,
56,88,144,Ba,11.73,B-,
57,87,144,La,44,B-,
58,86,144,Ce,2.461e+07,B-,
59,85,144,Pr,1037,B-,
60,84,144,Nd,7.227e+22,A,23.798
61,83,144,Pm,3.136e+07,EC,
62,82,144,Sm,stable,stable,3.08
63,81,144,Eu,10.2,B+,
64,80,144,Gd,268.2,B+,
65,79,144,Tb,1,B+,
66,78,144,Dy,9.1,B+,
67,77,144,Ho,0.7,B+,
68,76,144,Er,0.4,B+,
69,75,144,Tm,2.3e-06,p,
52,93,145,Te,0.075,B-,
53,92,145,I,0.0897,B-,
54,91,145,Xe,0.188,B-,
55,90,145,Cs,0.582,B-,
56,89,145,Ba,4.31,B-,
57,88,145,La,24.8,B-,
58,87,145,Ce,180.6,B-,
59,86,145,Pr,2.154e+04,B-,
60,85,145,Nd,stable,stable,8.293
61,84,145,Pm,5.586e+08,EC,
62,83,145,Sm,2.938e+07,EC,
63,82,145,Eu,5.124e+05,B+,
64,81,145,Gd,1380,B+,
65,80,145,Tb,30.9,B+,
66,79,145,Dy,9.5,B+,
67,78,145,Ho,2.4,B+,
68,77,145,Er,0.9,B+,
69,76,145,Tm,3.17e-06,p,
53,93,146,I,0.094,B-,
54,92,146,Xe,0.146,B-,
55,91,146,Cs,0.3216,B-,
56,90,146,Ba,2.15,B-,
57,89,146,La,9.9,B-,
58,88,146,Ce,809.4,B-,
59,87,146,Pr,1445,B-,
60,86,146,Nd,stable,stable,17.189
61,85,146,Pm,1.745e+08,EC,
62,84,146,Sm,2.146e+15,A,
63,83,146,Eu,3.983e+05,B+,
64,82,146,Gd,4.171e+06,EC,
65,81,146,Tb,8,B+,
66,80,146,Dy,33.2,B+,
67,79,146,Ho,3.32,B+,
68,78,146,Er,1.7,B+,
69,77,146,Tm,0.155,p,
53,94,147,I,0.06,B-,
54,93,147,Xe,0.088,B-,
55,92,147,Cs,0.2305,B-,
56,91,147,Ba,0.893,B-,
57,90,147,La,4.026,B-,
58,89,147,Ce,56.4,B-,
59,88,147,Pr,803.4,B-,
60,87,147,Nd,9.487e+05,B-,
61,86,147,Pm,8.279e+07,B-,
62,85,147,Sm,3.364e+18,A,15.00
63,84,147,Eu,2.082e+06,B+,
64,83,147,Gd,1.37e+05,B+,
65,82,147,Tb,5904,B+,
66,81,147,Dy,67,B+,
67,80,147,Ho,5.8,B+,
68,79,147,Er,3.2,B+,
69,78,147,Tm,0.58,B+,
54,94,148,Xe,0.085,B-,
55,93,148,Cs,0.1518,B-,
56,92,148,Ba,0.62,B-,
57,91,148,La,1.414,B-,
58,90,148,Ce,56.8,B-,
59,89,148,Pr,137.4,B-,
60,88,148,Nd,stable,stable,5.756
61,87,148,Pm,4.638e+05,B-,
62,86,148,Sm,1.988e+23,A,11.25
63,85,148,Eu,4.709e+06,B+,
64,84,148,Gd,2.25e+09,A,
65,83,148,Tb,3600,B+,
66,82,148,Dy,198,B+,
67,81,148,Ho,2.2,B+,
68,80,148,Er,4.6,B+,
69,79,148,Tm,0.7,B+,
70,78,148,Yb,0.25,B+,
54,95,149,Xe,0.05,B-,
55,94,149,Cs,0.1123,B-,
56,93,149,Ba,0.349,B-,
57,92,149,La,1.071,B-,
58,91,149,Ce,4.94,B-,
59,90,149,Pr,135.6,B-,
60,89,149,Nd,6221,B-,
61,88,149,Pm,1.911e+05,B-,
62,87,149,Sm,stable,stable,13.82
63,86,149,Eu,8.044e+06,EC,
64,85,149,Gd,8.018e+05,B+,
65,84,149,Tb,1.482e+04,B+,
66,83,149,Dy,252,B+,
67,82,149,Ho,21.1,B+,
68,81,149,Er,4,B+,
69,80,149,Tm,0.9,B+,
70,79,149,Yb,0.7,B+,
54,96,150,Xe,0.04,B-,
55,95,150,Cs,0.081,B-,
56,94,150,Ba,0.258,B-,
57,93,150,La,0.504,B-,
58,92,150,Ce,6.05,B-,
59,91,150,Pr,6.19,B-,
60,90,150,Nd,2.935e+26,2B-,5.638
61,89,150,Pm,9713,B-,
62,88,150,Sm,stable,stable,7.37
63,87,150,Eu,1.164e+09,B+,
64,86,150,Gd,5.649e+13,A,
65,85,150,Tb,1.253e+04,B+,
66,84,150,Dy,430.2,B+,
67,83,150,Ho,76.8,B+,
68,82,150,Er,18.5,B+,
69,81,150,Tm,3,B+,
70,80,150,Yb,0.7,B+,
71,79,150,Lu,0.045,p,
55,96,151,Cs,0.059,B-,
56,95,151,Ba,0.167,B-,
57,94,151,La,0.465,B-,
58,93,151,Ce,1.76,B-,
59,92,151,Pr,18.9,B-,
60,91,151,Nd,746.4,B-,
61,90,151,Pm,1.022e+05,B-,
62,89,151,Sm,2.985e+09,B-,
63,88,151,Eu,1.452e+26,A,47.81
64,87,151,Gd,1.07e+07,EC,
65,86,151,Tb,6.339e+04,B+,
66,85,151,Dy,1074,B+,
67,84,151,Ho,35.2,B+,
68,83,151,Er,23.5,B+,
69,82,151,Tm,4.17,B+,
70,81,151,Yb,1.6,B+,
71,80,151,Lu,0.0784,p,
55,97,152,Cs,0.017,B-,
56,96,152,Ba,0.139,B-,
57,95,152,La,0.287,B-,
58,94,152,Ce,1.42,B-,
59,93,152,Pr,3.57,B-,
60,92,152,Nd,684,B-,
61,91,152,Pm,247.2,B-,
62,90,152,Sm,stable,stable,26.74
63,89,152,Eu,4.266e+08,B+,
64,88,152,Gd,3.408e+21,A,0.20
65,87,152,Tb,6.3e+04,B+,
66,86,152,Dy,8568,EC,
67,85,152,Ho,161.8,B+,
68,84,152,Er,10.3,A,
69,83,152,Tm,8,B+,
70,82,152,Yb,3.03,B+,
71,81,152,Lu,0.65,B+,
56,97,153,Ba,0.113,B-,
57,96,153,La,0.245,B-,
58,95,153,Ce,0.865,B-,
59,94,153,Pr,4.28,B-,
60,93,153,Nd,31.6,B-,
61,92,153,Pm,315,B-,
62,91,153,Sm,1.666e+05,B-,
63,90,153,Eu,stable,stable,52.19
64,89,153,Gd,2.079e+07,EC,
65,88,153,Tb,2.022e+05,B+,
66,87,153,Dy,2.304e+04,B+,
67,86,153,Ho,120.6,B+,
68,85,153,Er,37.1,A,
69,84,153,Tm,1.48,A,
70,83,153,Yb,4.2,B+,
71,82,153,Lu,0.9,A,
72,81,153,Hf,0.4,B+,
56,98,154,Ba,0.053,B-,
57,97,154,La,0.161,B-,
58,96,154,Ce,0.722,B-,
59,95,154,Pr,2.3,B-,
60,94,154,Nd,25.9,B-,
61,93,154,Pm,160.8,B-,
62,92,154,Sm,stable,stable,22.74
63,91,154,Eu,2.711e+08,B-,
64,90,154,Gd,stable,stable,2.18
65,89,154,Tb,3.598e+04,B+,
66,88,154,Dy,9.467e+13,A,
67,87,154,Ho,705.6,B+,
68,86,154,Er,223.8,B+,
69,85,154,Tm,8.1,A,
70,84,154,Yb,0.409,A,
71,83,154,Lu,1,B+,
72,82,154,Hf,2,B+,
57,98,155,La,0.101,B-,
58,97,155,Ce,0.313,B-,
59,96,155,Pr,1.47,B-,
60,95,155,Nd,8.9,B-,
61,94,155,Pm,41.5,B-,
62,93,155,Sm,1331,B-,
63,92,155,Eu,1.496e+08,B-,
64,91,155,Gd,stable,stable,14.80
65,90,155,Tb,4.596e+05,EC,
66,89,155,Dy,3.564e+04,B+,
67,88,155,Ho,2880,B+,
68,87,155,Er,318,B+,
69,86,155,Tm,21.6,B+,
70,85,155,Yb,1.793,A,
71,84,155,Lu,0.068,A,
72,83,155,Hf,0.843,B+,
73,82,155,Ta,0.0032,p,
57,99,156,La,0.084,B-,
58,98,156,Ce,0.233,B-,
59,97,156,Pr,0.444,B-,
60,96,156,Nd,5.06,B-,
61,95,156,Pm,27.4,B-,
62,94,156,Sm,3.384e+04,B-,
63,93,156,Eu,1.312e+06,B-,
64,92,156,Gd,stable,stable,20.47
65,91,156,Tb,4.622e+05,B+,
66,90,156,Dy,stable,stable,0.056
67,89,156,Ho,3360,B+,
68,88,156,Er,1170,B+,
69,87,156,Tm,83.8,B+,
70,86,156,Yb,26.1,B+,
71,85,156,Lu,0.494,A,
72,84,156,Hf,0.023,A,
73,83,156,Ta,0.106,p,
57,100,157,La,0.03,B-,
58,99,157,Ce,0.175,B-,
59,98,157,Pr,0.307,B-,
60,97,157,Nd,1.15,B-,
61,96,157,Pm,10.56,B-,
62,95,157,Sm,481.8,B-,
63,94,157,Eu,5.465e+04,B-,
64,93,157,Gd,stable,stable,15.65
65,92,157,Tb,2.241e+09,EC,
66,91,157,Dy,2.93e+04,B+,
67,90,157,Ho,756,B+,
68,89,157,Er,1119,B+,
69,88,157,Tm,217.8,B+,
70,87,157,Yb,38.6,B+,
71,86,157,Lu,7.7,B+,
72,85,157,Hf,0.115,A,
73,84,157,Ta,0.0101,A,
74,83,157,W,0.275,B+,
58,100,158,Ce,0.099,B-,
59,99,158,Pr,0.181,B-,
60,98,158,Nd,0.81,B-,
61,97,158,Pm,4.8,B-,
62,96,158,Sm,318,B-,
63,95,158,Eu,2754,B-,
64,94,158,Gd,stable,stable,24.84
65,93,158,Tb,5.68e+09,B+,
66,92,158,Dy,stable,stable,0.095
67,91,158,Ho,678,B+,
68,90,158,Er,8244,EC,
69,89,158,Tm,238.8,B+,
70,88,158,Yb,89.4,B+,
71,87,158,Lu,10.6,B+,
72,86,158,Hf,2.85,B+,
73,85,158,Ta,0.049,A,
74,84,158,W,0.00143,A,
58,101,159,Ce,,B-,
59,100,159,Pr,0.134,B-,
60,99,159,Nd,0.5,B-,
61,98,159,Pm,1.49,B-,
62,97,159,Sm,11.37,B-,
63,96,159,Eu,1086,B-,
64,95,159,Gd,6.652e+04,B-,
65,94,159,Tb,stable,stable,100
66,93,159,Dy,1.248e+07,EC,
67,92,159,Ho,1983,B+,
68,91,159,Er,2160,B+,
69,90,159,Tm,547.8,B+,
70,89,159,Yb,100.2,B+,
71,88,159,Lu,12.1,B+,
72,87,159,Hf,5.2,B+,
73,86,159,Ta,1.04,B+,
74,85,159,W,0.0082,A,
75,84,159,Re,4e-05,p,
59,101,160,Pr,0.17,B-,
60,100,160,Nd,0.439,B-,
61,99,160,Pm,0.725,B-,
62,98,160,Sm,9.6,B-,
63,97,160,Eu,42.6,B-,
64,96,160,Gd,stable,stable,21.86
65,95,160,Tb,6.247e+06,B-,
66,94,160,Dy,stable,stable,2.329
67,93,160,Ho,1536,B+,
68,92,160,Er,1.029e+05,EC,
69,91,160,Tm,564,B+,
70,90,160,Yb,288,B+,
71,89,160,Lu,36.1,B+,
72,88,160,Hf,13.6,B+,
73,87,160,Ta,1.7,B+,
74,86,160,W,0.09,A,
75,85,160,Re,0.000611,p,
59,102,161,Pr,0.09,B-,
60,101,161,Nd,0.215,B-,
61,100,161,Pm,1.05,B-,
62,99,161,Sm,4.8,B-,
63,98,161,Eu,26.2,B-,
64,97,161,Gd,218.8,B-,
65,96,161,Tb,6.003e+05,B-,
66,95,161,Dy,stable,stable,18.889
67,94,161,Ho,8928,EC,
68,93,161,Er,1.156e+04,B+,
69,92,161,Tm,1812,B+,
70,91,161,Yb,252,B+,
71,90,161,Lu,77,B+,
72,89,161,Hf,18.4,B+,
73,88,161,Ta,3,B+,
74,87,161,W,0.409,A,
75,86,161,Re,0.00044,p,
76,85,161,Os,0.00064,A,
60,102,162,Nd,0.31,B-,
61,101,162,Pm,0.63,B-,
62,100,162,Sm,2.7,B-,
63,99,162,Eu,10,B-,
64,98,162,Gd,504,B-,
65,97,162,Tb,456,B-,
66,96,162,Dy,stable,stable,25.475
67,95,162,Ho,900,B+,
68,94,162,Er,stable,stable,0.139
69,93,162,Tm,1302,B+,
70,92,162,Yb,1132,B+,
71,91,162,Lu,82.2,B+,
72,90,162,Hf,39.4,B+,
73,89,162,Ta,3.57,B+,
74,88,162,W,1.19,B+,
75,87,162,Re,0.107,A,
76,86,162,Os,0.0021,A,
60,103,163,Nd,0.08,B-,
61,102,163,Pm,0.255,B-,
62,101,163,Sm,1.3,B-,
63,100,163,Eu,7.7,B-,
64,99,163,Gd,68,B-,
65,98,163,Tb,1170,B-,
66,97,163,Dy,stable,stable,24.896
67,96,163,Ho,1.442e+11,EC,
68,95,163,Er,4500,B+,
69,94,163,Tm,6516,B+,
70,93,163,Yb,663,B+,
71,92,163,Lu,238.2,B+,
72,91,163,Hf,40,B+,
73,90,163,Ta,10.6,B+,
74,89,163,W,2.63,B+,
75,88,163,Re,0.39,B+,
76,87,163,Os,0.0057,A,
77,86,163,Ir,,p,
61,103,164,Pm,0.3,B-,
62,102,164,Sm,1.43,B-,
63,101,164,Eu,4.16,B-,
64,100,164,Gd,45,B-,
65,99,164,Tb,180,B-,
66,98,164,Dy,stable,stable,28.260
67,97,164,Ho,1728,EC,
68,96,164,Er,stable,stable,1.601
69,95,164,Tm,120,B+,
70,94,164,Yb,4548,EC,
71,93,164,Lu,188.4,B+,
72,92,164,Hf,111,B+,
73,91,164,Ta,14.2,B+,
74,90,164,W,6.3,B+,
75,89,164,Re,0.719,A,
76,88,164,Os,0.021,A,
77,87,164,Ir,0.001,p,
61,104,165,Pm,0.26,B-,
62,103,165,Sm,0.98,B-,
63,102,165,Eu,2.53,B-,
64,101,165,Gd,11.6,B-,
65,100,165,Tb,126.6,B-,
66,99,165,Dy,8395,B-,
67,98,165,Ho,stable,stable,100
68,97,165,Er,3.73e+04,EC,
69,96,165,Tm,1.082e+05,B+,
70,95,165,Yb,594,B+,
71,94,165,Lu,644.4,B+,
72,93,165,Hf,76,B+,
73,92,165,Ta,31,B+,
74,91,165,W,5.1,B+,
75,90,165,Re,1.6,B+,
76,89,165,Os,0.071,A,
77,88,165,Ir,5e-08,p,
78,87,165,Pt,0.00037,A,
62,104,166,Sm,0.8,B-,
63,103,166,Eu,1.24,B-,
64,102,166,Gd,5.1,B-,
65,101,166,Tb,27.1,B-,
66,100,166,Dy,2.938e+05,B-,
67,99,166,Ho,9.652e+04,B-,
68,98,166,Er,stable,stable,33.503
69,97,166,Tm,2.772e+04,B+,
70,96,166,Yb,2.041e+05,EC,
71,95,166,Lu,159,B+,
72,94,166,Hf,406.2,B+,
73,93,166,Ta,34.4,B+,
74,92,166,W,19.2,B+,
75,91,166,Re,2.25,B+,
76,90,166,Os,0.213,A,
77,89,166,Ir,0.0105,A,
78,88,166,Pt,0.000294,A,
62,105,167,Sm,0.19,B-,
63,104,167,Eu,1.33,B-,
64,103,167,Gd,4.2,B-,
65,102,167,Tb,18.9,B-,
66,101,167,Dy,372,B-,
67,100,167,Ho,1.116e+04,B-,
68,99,167,Er,stable,stable,22.869
69,98,167,Tm,7.992e+05,EC,
70,97,167,Yb,1050,B+,
71,96,167,Lu,3090,B+,
72,95,167,Hf,123,B+,
73,94,167,Ta,79.8,B+,
74,93,167,W,19.9,B+,
75,92,167,Re,3.4,A,
76,91,167,Os,0.839,A,
77,90,167,Ir,0.0293,A,
78,89,167,Pt,0.000915,A,
62,106,168,Sm,0.34,B-,
63,105,168,Eu,0.2,B-,
64,104,168,Gd,3.03,B-,
65,103,168,Tb,9.4,B-,
66,102,168,Dy,522,B-,
67,101,168,Ho,179.4,B-,
68,100,168,Er,stable,stable,26.978
69,99,168,Tm,8.044e+06,B+,
70,98,168,Yb,stable,stable,0.123
71,97,168,Lu,330,B+,
72,96,168,Hf,1557,B+,
73,95,168,Ta,120,B+,
74,94,168,W,50.9,B+,
75,93,168,Re,4.4,B+,
76,92,168,Os,2.1,B+,
77,91,168,Ir,0.23,A,
78,90,168,Pt,0.00202,A,
79,89,168,Au,,p,
63,106,169,Eu,0.42,B-,
64,105,169,Gd,0.75,B-,
65,104,169,Tb,5.13,B-,
66,103,169,Dy,39,B-,
67,102,169,Ho,283.2,B-,
68,101,169,Er,8.115e+05,B-,
69,100,169,Tm,stable,stable,100
70,99,169,Yb,2.766e+06,EC,
71,98,169,Lu,1.226e+05,B+,
72,97,169,Hf,194.4,B+,
73,96,169,Ta,294,B+,
74,95,169,W,74,B+,
75,94,169,Re,8.1,B+,
76,93,169,Os,3.46,B+,
77,92,169,Ir,0.353,A,
78,91,169,Pt,0.00699,A,
79,90,169,Au,0.00015,p,
63,107,170,Eu,,B-,
64,106,170,Gd,0.42,B-,
65,105,170,Tb,0.96,B-,
66,104,170,Dy,54.9,B-,
67,103,170,Ho,165.6,B-,
68,102,170,Er,stable,stable,14.910
69,101,170,Tm,1.111e+07,B-,
70,100,170,Yb,stable,stable,2.982
71,99,170,Lu,1.738e+05,B+,
72,98,170,Hf,5.764e+04,EC,
73,97,170,Ta,405.6,B+,
74,96,170,W,145.2,B+,
75,95,170,Re,1,B+,
76,94,170,Os,7.37,B+,
77,93,170,Ir,0.91,B+,
78,92,170,Pt,0.01393,A,
79,91,170,Au,0.00029,p,
80,90,170,Hg,0.00031,A,
64,107,171,Gd,0.3,B-,
65,106,171,Tb,1.23,B-,
66,105,171,Dy,4.07,B-,
67,104,171,Ho,53,B-,
68,103,171,Er,2.706e+04,B-,
69,102,171,Tm,6.059e+07,B-,
70,101,171,Yb,stable,stable,14.086
71,100,171,Lu,7.125e+05,B+,
72,99,171,Hf,4.356e+04,B+,
73,98,171,Ta,1398,B+,
74,97,171,W,142.8,B+,
75,96,171,Re,15.2,B+,
76,95,171,Os,8.3,B+,
77,94,171,Ir,3.1,B+,
78,93,171,Pt,0.0455,A,
79,92,171,Au,2.23e-05,p,
80,91,171,Hg,7e-05,A,
64,108,172,Gd,0.16,B-,
65,107,172,Tb,0.76,B-,
66,106,172,Dy,3.4,B-,
67,105,172,Ho,25,B-,
68,104,172,Er,1.775e+05,B-,
69,103,172,Tm,2.29e+05,B-,
70,102,172,Yb,stable,stable,21.686
71,101,172,Lu,5.789e+05,B+,
72,100,172,Hf,5.901e+07,EC,
73,99,172,Ta,2208,B+,
74,98,172,W,396,B+,
75,97,172,Re,55,B+,
76,96,172,Os,19.2,B+,
77,95,172,Ir,4.4,B+,
78,94,172,Pt,0.0976,A,
79,93,172,Au,0.028,A,
80,92,172,Hg,0.000231,A,
65,108,173,Tb,0.4,B-,
66,107,173,Dy,1.43,B-,
67,106,173,Ho,7.1,B-,
68,105,173,Er,86.04,B-,
69,104,173,Tm,2.966e+04,B-,
70,103,173,Yb,stable,stable,16.103
71,102,173,Lu,4.323e+07,EC,
72,101,173,Hf,8.496e+04,B+,
73,100,173,Ta,1.13e+04,B+,
74,99,173,W,456,B+,
75,98,173,Re,120,B+,
76,97,173,Os,22.4,B+,
77,96,173,Ir,9,B+,
78,95,173,Pt,0.382,A,
79,94,173,Au,0.0255,A,
80,93,173,Hg,0.0008,A,
65,109,174,Tb,0.24,B-,
66,108,174,Dy,1,B-,
67,107,174,Ho,3.7,B-,
68,106,174,Er,192,B-,
69,105,174,Tm,324,B-,
70,104,174,Yb,stable,stable,32.025
71,103,174,Lu,1.045e+08,B+,
72,102,174,Hf,6.311e+22,A,0.16
73,101,174,Ta,4104,B+,
74,100,174,W,1992,B+,
75,99,174,Re,144,B+,
76,98,174,Os,44,B+,
77,97,174,Ir,7.9,B+,
78,96,174,Pt,0.862,A,
79,95,174,Au,0.139,A,
80,94,174,Hg,0.002,A,
66,109,175,Dy,0.39,B-,
67,108,175,Ho,1.88,B-,
68,107,175,Er,72,B-,
69,106,175,Tm,912,B-,
70,105,175,Yb,3.616e+05,B-,
71,104,175,Lu,stable,stable,97.401
72,103,175,Hf,6.104e+06,EC,
73,102,175,Ta,3.78e+04,B+,
74,101,175,W,2112,B+,
75,100,175,Re,353.4,B+,
76,99,175,Os,84,B+,
77,98,175,Ir,9,B+,
78,97,175,Pt,2.43,A,
79,96,175,Au,0.2,A,
80,95,175,Hg,0.0102,A,
66,110,176,Dy,0.44,B-,
67,109,176,Ho,1,B-,
68,108,176,Er,12,B-,
69,107,176,Tm,111,B-,
70,106,176,Yb,stable,stable,12.995
71,105,176,Lu,1.168e+18,B-,2.599
72,104,176,Hf,stable,stable,5.26
73,103,176,Ta,2.912e+04,B+,
74,102,176,W,9000,EC,
75,101,176,Re,318,B+,
76,100,176,Os,216,B+,
77,99,176,Ir,8.7,B+,
78,98,176,Pt,6.33,B+,
79,97,176,Au,1.05,A,
80,96,176,Hg,0.0203,A,
81,95,176,Tl,0.0062,p,
67,110,177,Ho,1,B-,
68,109,177,Er,8,B-,
69,108,177,Tm,95,B-,
70,107,177,Yb,6880,B-,
71,106,177,Lu,5.741e+05,B-,
72,105,177,Hf,stable,stable,18.60
73,104,177,Ta,2.029e+05,B+,
74,103,177,W,7944,B+,
75,102,177,Re,840,B+,
76,101,177,Os,180,B+,
77,100,177,Ir,29.8,B+,
78,99,177,Pt,10,B+,
79,98,177,Au,1.501,A,
80,97,177,Hg,0.117,A,
81,96,177,Tl,0.018,A,
67,111,178,Ho,0.75,B-,
68,110,178,Er,4,B-,
69,109,178,Tm,10,B-,
70,108,178,Yb,4440,B-,
71,107,178,Lu,1704,B-,
72,106,178,Hf,stable,stable,27.28
73,105,178,Ta,8496,B+,
74,104,178,W,1.866e+06,EC,
75,103,178,Re,792,B+,
76,102,178,Os,300,B+,
77,101,178,Ir,12,B+,
78,100,178,Pt,20.7,B+,
79,99,178,Au,3.4,B+,
80,98,178,Hg,0.2665,A,
81,97,178,Tl,0.255,A,
82,96,178,Pb,0.00025,A,
68,111,179,Er,3,B-,
69,110,179,Tm,18,B-,
70,109,179,Yb,480,B-,
71,108,179,Lu,1.652e+04,B-,
72,107,179,Hf,stable,stable,13.62
73,106,179,Ta,5.743e+07,EC,
74,105,179,W,2223,B+,
75,104,179,Re,1170,B+,
76,103,179,Os,390,B+,
77,102,179,Ir,79,B+,
78,101,179,Pt,21.2,B+,
79,100,179,Au,7.1,B+,
80,99,179,Hg,1.05,A,
81,98,179,Tl,0.437,A,
82,97,179,Pb,0.0027,A,
68,112,180,Er,2,B-,
69,111,180,Tm,3,B-,
70,110,180,Yb,144,B-,
71,109,180,Lu,342,B-,
72,108,180,Hf,stable,stable,35.08
73,107,180,Ta,2.935e+04,EC,
74,106,180,W,5.018e+25,A,0.12
75,105,180,Re,147.6,B+,
76,104,180,Os,1290,B+,
77,103,180,Ir,90,B+,
78,102,180,Pt,56,B+,
79,101,180,Au,7.9,B+,
80,100,180,Hg,2.59,B+,
81,99,180,Tl,1.09,B+,
82,98,180,Pb,0.0041,A,
69,112,181,Tm,7,B-,
70,111,181,Yb,60,B-,
71,110,181,Lu,210,B-,
72,109,181,Hf,3.662e+06,B-,
73,108,181,Ta,stable,stable,99.98799
74,107,181,W,1.045e+07,EC,
75,106,181,Re,7.164e+04,B+,
76,105,181,Os,6300,B+,
77,104,181,Ir,294,B+,
78,103,181,Pt,52,B+,
79,102,181,Au,13.7,B+,
80,101,181,Hg,3.6,B+,
81,100,181,Tl,2.9,B+,
82,99,181,Pb,0.039,A,
69,113,182,Tm,,B-,
70,112,182,Yb,30,B-,
71,111,182,Lu,120,B-,
72,110,182,Hf,2.809e+14,B-,
73,109,182,Ta,9.914e+06,B-,
74,108,182,W,stable,stable,26.50
75,107,182,Re,2.311e+05,B+,
76,106,182,Os,7.862e+04,EC,
77,105,182,Ir,900,B+,
78,104,182,Pt,160.2,B+,
79,103,182,Au,15.5,B+,
80,102,182,Hg,10.83,B+,
81,101,182,Tl,1.9,B+,
82,100,182,Pb,0.055,A,
70,113,183,Yb,30,B-,
71,112,183,Lu,58,B-,
72,111,183,Hf,3665,B-,
73,110,183,Ta,4.406e+05,B-,
74,109,183,W,stable,stable,14.31
75,108,183,Re,6.048e+06,EC,
76,107,183,Os,4.68e+04,B+,
77,106,183,Ir,3480,B+,
78,105,183,Pt,390,B+,
79,104,183,Au,42.8,B+,
80,103,183,Hg,9.4,B+,
81,102,183,Tl,6.9,B+,
82,101,183,Pb,0.535,A,
70,114,184,Yb,7,B-,
71,113,184,Lu,20,B-,
72,112,184,Hf,1.483e+04,B-,
73,111,184,Ta,3.132e+04,B-,
74,110,184,W,stable,stable,30.64
75,109,184,Re,3.059e+06,B+,
76,108,184,Os,3.534e+20,A,0.02
77,107,184,Ir,1.112e+04,B+,
78,106,184,Pt,1038,B+,
79,105,184,Au,20.6,B+,
80,104,184,Hg,30.87,B+,
81,103,184,Tl,9.5,B+,
82,102,184,Pb,0.49,A,
83,101,184,Bi,0.0066,A,
70,115,185,Yb,5,B-,
71,114,185,Lu,20,B-,
72,113,185,Hf,210,B-,
73,112,185,Ta,2964,B-,
74,111,185,W,6.489e+06,B-,
75,110,185,Re,stable,stable,37.40
76,109,185,Os,8.031e+06,EC,
77,108,185,Ir,5.184e+04,B+,
78,107,185,Pt,4254,B+,
79,106,185,Au,255,B+,
80,105,185,Hg,49.1,B+,
81,104,185,Tl,19.5,B+,
82,103,185,Pb,6.3,B+,
83,102,185,Bi,0.002,p,
71,115,186,Lu,6,B-,
72,114,186,Hf,156,B-,
73,113,186,Ta,630,B-,
74,112,186,W,stable,stable,28.43
75,111,186,Re,3.213e+05,B-,
76,110,186,Os,6.311e+22,A,1.59
77,109,186,Ir,5.99e+04,B+,
78,108,186,Pt,7488,B+,
79,107,186,Au,642,B+,
80,106,186,Hg,82.8,B+,
81,105,186,Tl,3.5,B+,
82,104,186,Pb,4.82,B+,
83,103,186,Bi,0.0148,A,
84,102,186,Po,3.4e-05,A,
71,116,187,Lu,7,B-,
72,115,187,Hf,14,B-,
73,114,187,Ta,138,B-,
74,113,187,W,8.571e+04,B-,
75,112,187,Re,1.313e+18,B-,62.60
76,111,187,Os,stable,stable,1.96
77,110,187,Ir,3.78e+04,B+,
78,109,187,Pt,8460,B+,
79,108,187,Au,498,B+,
80,107,187,Hg,114,B+,
81,106,187,Tl,51,B+,
82,105,187,Pb,15.2,B+,
83,104,187,Bi,0.037,A,
84,103,187,Po,0.0014,A,
71,117,188,Lu,1,B-,
72,116,188,Hf,7,B-,
73,115,188,Ta,19.6,B-,
74,114,188,W,6.028e+06,B-,
75,113,188,Re,6.122e+04,B-,
76,112,188,Os,stable,stable,13.24
77,111,188,Ir,1.494e+05,B+,
78,110,188,Pt,8.778e+05,EC,
79,109,188,Au,530.4,B+,
80,108,188,Hg,195,B+,
81,107,188,Tl,71,B+,
82,106,188,Pb,25.1,B+,
83,105,188,Bi,0.06,A,
84,104,188,Po,0.00027,A,
72,117,189,Hf,0.4,B-,
73,116,189,Ta,20,B-,
74,115,189,W,696,B-,
75,114,189,Re,8.748e+04,B-,
76,113,189,Os,stable,stable,16.15
77,112,189,Ir,1.14e+06,EC,
78,111,189,Pt,3.913e+04,B+,
79,110,189,Au,1722,B+,
80,109,189,Hg,456,B+,
81,108,189,Tl,138,B+,
82,107,189,Pb,39,B+,
83,106,189,Bi,0.688,A,
84,105,189,Po,0.0035,A,
72,118,190,Hf,0.6,B-,
73,117,190,Ta,5.3,B-,
74,116,190,W,1800,B-,
75,115,190,Re,180,B-,
76,114,190,Os,stable,stable,26.26
77,113,190,Ir,1.018e+06,B+,
78,112,190,Pt,1.524e+19,A,0.012
79,111,190,Au,2568,B+,
80,110,190,Hg,1200,B+,
81,109,190,Tl,156,B+,
82,108,190,Pb,71,B+,
83,107,190,Bi,6.3,A,
84,106,190,Po,0.00245,A,
73,118,191,Ta,0.46,B-,
74,117,191,W,14,B-,
75,116,191,Re,588,B-,
76,115,191,Os,1.295e+06,B-,
77,114,191,Ir,stable,stable,37.3
78,113,191,Pt,2.445e+05,EC,
79,112,191,Au,1.145e+04,B+,
80,111,191,Hg,2940,B+,
81,110,191,Tl,1200,B+,
82,109,191,Pb,79.8,B+,
83,108,191,Bi,12.4,A,
84,107,191,Po,0.022,A,
85,106,191,At,0.0021,A,
73,119,192,Ta,2.2,B-,
74,118,192,W,40,B-,
75,117,192,Re,15.4,B-,
76,116,192,Os,stable,stable,40.78
77,115,192,Ir,6.378e+06,B-,
78,114,192,Pt,stable,stable,0.782
79,113,192,Au,1.778e+04,B+,
80,112,192,Hg,1.746e+04,EC,
81,111,192,Tl,576,B+,
82,110,192,Pb,210,B+,
83,109,192,Bi,34.6,B+,
84,108,192,Po,0.0322,A,
85,107,192,At,0.0115,A,
73,120,193,Ta,0.22,B-,
74,119,193,W,30,B-,
75,118,193,Re,180,B-,
76,117,193,Os,1.074e+05,B-,
77,116,193,Ir,stable,stable,62.7
78,115,193,Pt,1.578e+09,EC,
79,114,193,Au,6.354e+04,B+,
80,113,193,Hg,1.368e+04,B+,
81,112,193,Tl,1296,B+,
82,111,193,Pb,240,B+,
83,110,193,Bi,63.6,B+,
84,109,193,Po,0.399,A,
85,108,193,At,0.029,A,
86,107,193,Rn,0.00115,A,
73,121,194,Ta,2,B-,
74,120,194,W,20,B-,
75,119,194,Re,5,B-,
76,118,194,Os,1.893e+08,B-,
77,117,194,Ir,6.966e+04,B-,
78,116,194,Pt,stable,stable,32.864
79,115,194,Au,1.369e+05,B+,
80,114,194,Hg,1.411e+10,EC,
81,113,194,Tl,1980,B+,
82,112,194,Pb,642,B+,
83,111,194,Bi,95,B+,
84,110,194,Po,0.392,A,
85,109,194,At,0.286,A,
86,108,194,Rn,0.00078,A,
74,121,195,W,30,B-,
75,120,195,Re,6,B-,
76,119,195,Os,390,B-,
77,118,195,Ir,8244,B-,
78,117,195,Pt,stable,stable,33.775
79,116,195,Au,1.607e+07,EC,
80,115,195,Hg,3.848e+04,B+,
81,114,195,Tl,4176,B+,
82,113,195,Pb,900,B+,
83,112,195,Bi,183,B+,
84,111,195,Po,4.64,A,
85,110,195,At,0.29,A,
86,109,195,Rn,0.007,A,
74,122,196,W,25,B-,
75,121,196,Re,2.4,B-,
76,120,196,Os,2094,B-,
77,119,196,Ir,52,B-,
78,118,196,Pt,stable,stable,25.211
79,117,196,Au,5.327e+05,B+,
80,116,196,Hg,stable,stable,0.15
81,115,196,Tl,6624,B+,
82,114,196,Pb,2220,B+,
83,113,196,Bi,307.8,B+,
84,112,196,Po,5.63,A,
85,111,196,At,0.377,A,
86,110,196,Rn,0.0047,A,
74,123,197,W,1,B-,
75,122,197,Re,0.4,B-,
76,121,197,Os,93,B-,
77,120,197,Ir,348,B-,
78,119,197,Pt,7.161e+04,B-,
79,118,197,Au,stable,stable,100
80,117,197,Hg,2.337e+05,EC,
81,116,197,Tl,1.022e+04,B+,
82,115,197,Pb,486,B+,
83,114,197,Bi,559.8,B+,
84,113,197,Po,53.6,B+,
85,112,197,At,0.3882,A,
86,111,197,Rn,0.054,A,
87,110,197,Fr,0.0023,A,
75,123,198,Re,1,B-,
76,122,198,Os,125,B-,
77,121,198,Ir,8.7,B-,
78,120,198,Pt,stable,stable,7.356
79,119,198,Au,2.328e+05,B-,
80,118,198,Hg,stable,stable,10.04
81,117,198,Tl,1.908e+04,B+,
82,116,198,Pb,8640,B+,
83,115,198,Bi,618,B+,
84,114,198,Po,105.6,A,
85,113,198,At,4.47,A,
86,112,198,Rn,0.0644,A,
87,111,198,Fr,0.015,A,
75,124,199,Re,0.25,B-,
76,123,199,Os,6,B-,
77,122,199,Ir,7,B-,
78,121,199,Pt,1848,B-,
79,120,199,Au,2.712e+05,B-,
80,119,199,Hg,stable,stable,16.94
81,118,199,Tl,2.671e+04,B+,
82,117,199,Pb,5400,B+,
83,116,199,Bi,1620,B+,
84,115,199,Po,328.2,B+,
85,114,199,At,7.02,A,
86,113,199,Rn,0.59,A,
87,112,199,Fr,0.0066,A,
76,124,200,Os,7,B-,
77,123,200,Ir,43,B-,
78,122,200,Pt,4.536e+04,B-,
79,121,200,Au,2904,B-,
80,120,200,Hg,stable,stable,23.14
81,119,200,Tl,9.396e+04,B+,
82,118,200,Pb,7.74e+04,EC,
83,117,200,Bi,2184,B+,
84,116,200,Po,690.6,B+,
85,115,200,At,43.2,A,
86,114,200,Rn,1.09,A,
87,113,200,Fr,0.0475,A,
76,125,201,Os,3,B-,
77,124,201,Ir,21,B-,
78,123,201,Pt,150,B-,
79,122,201,Au,1560,B-,
80,121,201,Hg,stable,stable,13.17
81,120,201,Tl,2.628e+05,EC,
82,119,201,Pb,3.359e+04,B+,
83,118,201,Bi,6180,B+,
84,117,201,Po,936,B+,
85,116,201,At,85.2,A,
86,115,201,Rn,7,A,
87,114,201,Fr,0.0628,A,
88,113,201,Ra,0.02,A,
76,126,202,Os,2,B-,
77,125,202,Ir,11,B-,
78,124,202,Pt,1.584e+05,B-,
79,123,202,Au,28.4,B-,
80,122,202,Hg,stable,stable,29.74
81,121,202,Tl,1.064e+06,EC,
82,120,202,Pb,1.657e+12,EC,
83,119,202,Bi,6192,B+,
84,118,202,Po,2676,B+,
85,117,202,At,184,B+,
86,116,202,Rn,9.7,A,
87,115,202,Fr,0.372,A,
88,114,202,Ra,0.0041,A,
76,127,203,Os,0.3,B-,
77,126,203,Ir,7,B-,
78,125,203,Pt,22,B-,
79,124,203,Au,60,B-,
80,123,203,Hg,4.027e+06,B-,
81,122,203,Tl,stable,stable,29.515
82,121,203,Pb,1.869e+05,EC,
83,120,203,Bi,4.234e+04,B+,
84,119,203,Po,2202,B+,
85,118,203,At,444,B+,
86,117,203,Rn,44.2,A,
87,116,203,Fr,0.55,A,
88,115,203,Ra,0.036,A,
77,127,204,Ir,2,B-,
78,126,204,Pt,10.3,B-,
79,125,204,Au,38.3,B-,
80,124,204,Hg,stable,stable,6.82
81,123,204,Tl,1.194e+08,B-,
82,122,204,Pb,stable,stable,1.4
83,121,204,Bi,4.039e+04,B+,
84,120,204,Po,1.267e+04,B+,
85,119,204,At,547.2,B+,
86,118,204,Rn,74.52,A,
87,117,204,Fr,1.75,A,
88,116,204,Ra,0.06,A,
77,128,205,Ir,1,B-,
78,127,205,Pt,2,B-,
79,126,205,Au,32,B-,
80,125,205,Hg,308.4,B-,
81,124,205,Tl,stable,stable,70.485
82,123,205,Pb,5.365e+14,EC,
83,122,205,Bi,1.288e+06,B+,
84,121,205,Po,6264,B+,
85,120,205,At,1614,B+,
86,119,205,Rn,170,B+,
87,118,205,Fr,3.9,A,
88,117,205,Ra,0.22,A,
89,116,205,Ac,0.08,A,
78,128,206,Pt,0.5,B-,
79,127,206,Au,47,B-,
80,126,206,Hg,499.2,B-,
81,125,206,Tl,252.1,B-,
82,124,206,Pb,stable,stable,24.1
83,123,206,Bi,5.394e+05,B+,
84,122,206,Po,7.603e+05,B+,
85,121,206,At,1836,B+,
86,120,206,Rn,340.2,A,
87,119,206,Fr,16,A,
88,118,206,Ra,0.24,A,
89,117,206,Ac,0.025,A,
78,129,207,Pt,0.6,B-,
79,128,207,Au,3,B-,
80,127,207,Hg,174,B-,
81,126,207,Tl,286.2,B-,
82,125,207,Pb,stable,stable,22.1
83,124,207,Bi,9.852e+08,B+,
84,123,207,Po,2.088e+04,B+,
85,122,207,At,6516,B+,
86,121,207,Rn,555,B+,
87,120,207,Fr,14.8,A,
88,119,207,Ra,1.38,A,
89,118,207,Ac,0.031,A,
78,130,208,Pt,0.22,B-,
79,129,208,Au,20,B-,
80,128,208,Hg,135,B-,
81,127,208,Tl,183.2,B-,
82,126,208,Pb,stable,stable,52.4
83,125,208,Bi,1.161e+13,B+,
84,124,208,Po,9.145e+07,A,
85,123,208,At,5868,B+,
86,122,208,Rn,1461,A,
87,121,208,Fr,59.1,A,
88,120,208,Ra,1.11,A,
89,119,208,Ac,0.097,A,
90,118,208,Th,0.0024,A,
79,130,209,Au,1,B-,
80,129,209,Hg,6.3,B-,
81,128,209,Tl,129.7,B-,
82,127,209,Pb,1.165e+04,B-,
83,126,209,Bi,6.343e+26,A,100
84,125,209,Po,3.913e+09,A,
85,124,209,At,1.951e+04,B+,
86,123,209,Rn,1728,B+,
87,122,209,Fr,50.5,A,
88,121,209,Ra,4.71,A,
89,120,209,Ac,0.094,A,
90,119,209,Th,0.06,A,
79,131,210,Au,10,B-,
80,130,210,Hg,64,B-,
81,129,210,Tl,78,B-,
82,128,210,Pb,7.006e+08,B-,
83,127,210,Bi,4.33e+05,B-,
84,126,210,Po,1.196e+07,A,
85,125,210,At,2.916e+04,B+,
86,124,210,Rn,8640,A,
87,123,210,Fr,190.8,A,
88,122,210,Ra,4,A,
89,121,210,Ac,0.35,A,
90,120,210,Th,0.016,A,
80,131,211,Hg,26.4,B-,
81,130,211,Tl,81,B-,
82,129,211,Pb,2170,B-,
83,128,211,Bi,128.4,A,
84,127,211,Po,0.516,A,
85,126,211,At,2.597e+04,EC,
86,125,211,Rn,5.256e+04,B+,
87,124,211,Fr,186,A,
88,123,211,Ra,12.6,A,
89,122,211,Ac,0.213,A,
90,121,211,Th,0.048,A,
91,120,211,Pa,0.006,A,
80,132,212,Hg,30,B-,
81,131,212,Tl,31,B-,
82,130,212,Pb,3.826e+04,B-,
83,129,212,Bi,3633,B-,
84,128,212,Po,2.944e-07,A,
85,127,212,At,0.314,A,
86,126,212,Rn,1434,A,
87,125,212,Fr,1200,B+,
88,124,212,Ra,13,A,
89,123,212,Ac,0.895,A,
90,122,212,Th,0.0317,A,
91,121,212,Pa,0.0058,A,
80,133,213,Hg,15,B-,
81,132,213,Tl,23.8,B-,
82,131,213,Pb,612,B-,
83,130,213,Bi,2736,B-,
84,129,213,Po,3.705e-06,A,
85,128,213,At,1.25e-07,A,
86,127,213,Rn,0.0195,A,
87,126,213,Fr,34.14,A,
88,125,213,Ra,163.8,A,
89,124,213,Ac,0.738,A,
90,123,213,Th,0.144,A,
91,122,213,Pa,0.0074,A,
80,134,214,Hg,8,B-,
81,133,214,Tl,11,B-,
82,132,214,Pb,1624,B-,
83,131,214,Bi,1194,B-,
84,130,214,Po,0.0001635,A,
85,129,214,At,5.58e-07,A,
86,128,214,Rn,2.59e-07,A,
87,127,214,Fr,0.00551,A,
88,126,214,Ra,2.437,A,
89,125,214,Ac,8.2,A,
90,124,214,Th,0.087,A,
91,123,214,Pa,0.017,A,
80,135,215,Hg,0.6,B-,
81,134,215,Tl,9.7,B-,
82,133,215,Pb,142,B-,
83,132,215,Bi,457.2,B-,
84,131,215,Po,0.001781,A,
85,130,215,At,3.7e-05,A,
86,129,215,Rn,2.3e-06,A,
87,128,215,Fr,9e-08,A,
88,127,215,Ra,0.001669,A,
89,126,215,Ac,0.171,A,
90,125,215,Th,1.35,A,
91,124,215,Pa,0.014,A,
92,123,215,U,0.0014,A,
80,136,216,Hg,2,B-,
81,135,216,Tl,5.9,B-,
82,134,216,Pb,99.6,B-,
83,133,216,Bi,132.6,B-,
84,132,216,Po,0.144,A,
85,131,216,At,0.0003,A,
86,130,216,Rn,2.9e-05,A,
87,129,216,Fr,7e-07,A,
88,128,216,Ra,1.72e-07,A,
89,127,216,Ac,0.00044,A,
90,126,216,Th,0.02628,A,
91,125,216,Pa,0.105,A,
92,124,216,U,0.0069,A,
81,136,217,Tl,2,B-,
82,135,217,Pb,19.9,B-,
83,134,217,Bi,98.5,B-,
84,133,217,Po,1.53,A,
85,132,217,At,0.0326,A,
86,131,217,Rn,0.000593,A,
87,130,217,Fr,2.2e-05,A,
88,129,217,Ra,1.95e-06,A,
89,128,217,Ac,6.9e-08,A,
90,127,217,Th,0.000248,A,
91,126,217,Pa,0.0038,A,
92,125,217,U,0.00085,A,
81,137,218,Tl,1,B-,
82,136,218,Pb,14.8,B-,
83,135,218,Bi,33,B-,
84,134,218,Po,185.8,A,
85,133,218,At,1.28,A,
86,132,218,Rn,0.03375,A,
87,131,218,Fr,0.0014,A,
88,130,218,Ra,2.591e-05,A,
89,129,218,Ac,1e-06,A,
90,128,218,Th,1.22e-07,A,
91,127,218,Pa,0.000108,A,
92,126,218,U,0.000354,A,
82,137,219,Pb,3,B-,
83,136,219,Bi,8.7,B-,
84,135,219,Po,618,B-,
85,134,219,At,56,A,
86,133,219,Rn,3.96,A,
87,132,219,Fr,0.0225,A,
88,131,219,Ra,0.009,A,
89,130,219,Ac,9.4e-06,A,
90,129,219,Th,1.023e-06,A,
91,128,219,Pa,5.6e-08,A,
92,127,219,U,6e-05,A,
93,126,219,Np,0.00057,A,
82,138,220,Pb,1,B-,
83,137,220,Bi,9.5,B-,
84,136,220,Po,10,B-,
85,135,220,At,222.6,B-,
86,134,220,Rn,55.6,A,
87,133,220,Fr,27.4,A,
88,132,220,Ra,0.0181,A,
89,131,220,Ac,0.02636,A,
90,130,220,Th,1.02e-05,A,
91,129,220,Pa,8.5e-07,A,
92,128,220,U,6e-08,A,
93,127,220,Np,2.9e-08,A,
83,138,221,Bi,2,B-,
84,137,221,Po,132,B-,
85,136,221,At,138,B-,
86,135,221,Rn,1542,B-,
87,134,221,Fr,288.1,A,
88,133,221,Ra,25,A,
89,132,221,Ac,0.052,A,
90,131,221,Th,0.00175,A,
91,130,221,Pa,5.9e-06,A,
92,129,221,U,6.6e-07,A,
93,128,221,Np,3e-08,A,
94,127,221,Pu,0.0001,A,
83,139,222,Bi,3,B-,
84,138,222,Po,546,B-,
85,137,222,At,54,B-,
86,136,222,Rn,3.302e+05,A,
87,135,222,Fr,852,B-,
88,134,222,Ra,33.6,A,
89,133,222,Ac,5,A,
90,132,222,Th,0.00224,A,
91,131,222,Pa,0.0038,A,
92,130,222,U,4.7e-06,A,
93,129,222,Np,4.8e-07,A,
94,128,222,Pu,1e-05,A,
83,140,223,Bi,1,B-,
84,139,223,Po,6,B-,
85,138,223,At,50,B-,
86,137,223,Rn,1458,B-,
87,136,223,Fr,1320,B-,
88,135,223,Ra,9.88e+05,A,
89,134,223,Ac,126,A,
90,133,223,Th,0.6,A,
91,132,223,Pa,0.0053,A,
92,131,223,U,6.5e-05,A,
93,130,223,Np,2.5e-06,A,
94,129,223,Pu,1e-05,A,
95,128,223,Am,0.01,A,
83,141,224,Bi,1,B-,
84,140,224,Po,180,B-,
85,139,224,At,150,B-,
86,138,224,Rn,6420,B-,
87,137,224,Fr,199.8,B-,
88,136,224,Ra,3.138e+05,A,
89,135,224,Ac,1.001e+04,B+,
90,134,224,Th,1.04,A,
91,133,224,Pa,0.844,A,
92,132,224,U,0.000396,A,
93,131,224,Np,4.8e-05,A,
94,130,224,Pu,1e-05,A,
95,129,224,Am,0.001,A,
84,141,225,Po,10,B-,
85,140,225,At,3,B-,
86,139,225,Rn,279.6,B-,
87,138,225,Fr,237,B-,
88,137,225,Ra,1.28e+06,B-,
89,136,225,Ac,8.57e+05,A,
90,135,225,Th,525,A,
91,134,225,Pa,1.71,A,
92,133,225,U,0.062,A,
93,132,225,Np,0.0065,A,
94,131,225,Pu,0.0001,A,
95,130,225,Am,0.0001,A,
84,142,226,Po,60,B-,
85,141,226,At,420,B-,
86,140,226,Rn,444,B-,
87,139,226,Fr,48.5,B-,
88,138,226,Ra,5.049e+10,A,
89,137,226,Ac,1.057e+05,B-,
90,136,226,Th,1842,A,
91,135,226,Pa,108,A,
92,134,226,U,0.269,A,
93,133,226,Np,0.035,A,
94,132,226,Pu,0.01,A,
95,131,226,Am,0.0001,A,
84,143,227,Po,2,B-,
85,142,227,At,5,B-,
86,141,227,Rn,20.2,B-,
87,140,227,Fr,148.2,B-,
88,139,227,Ra,2532,B-,
89,138,227,Ac,6.871e+08,B-,
90,137,227,Th,1.615e+06,A,
91,136,227,Pa,2298,A,
92,135,227,U,66,A,
93,134,227,Np,0.51,A,
94,133,227,Pu,2,A,
95,132,227,Am,0.02,A,
85,143,228,At,60,B-,
86,142,228,Rn,65,B-,
87,141,228,Fr,38,B-,
88,140,228,Ra,1.815e+08,B-,
89,139,228,Ac,2.214e+04,B-,
90,138,228,Th,6.035e+07,A,
91,137,228,Pa,7.92e+04,B+,
92,136,228,U,546,A,
93,135,228,Np,61.4,EC,
94,134,228,Pu,2.1,A,
95,133,228,Am,0.1,A,
85,144,229,At,1,B-,
86,143,229,Rn,11.9,B-,
87,142,229,Fr,50.2,B-,
88,141,229,Ra,240,B-,
89,140,229,Ac,3762,B-,
90,139,229,Th,2.498e+11,A,
91,138,229,Pa,1.339e+05,EC,
92,137,229,U,3468,B+,
93,136,229,Np,240,A,
94,135,229,Pu,91,A,
95,134,229,Am,1.8,A,
86,144,230,Rn,24,B-,
87,143,230,Fr,19.1,B-,
88,142,230,Ra,5580,B-,
89,141,230,Ac,122,B-,
90,140,230,Th,2.379e+12,A,0.02
91,139,230,Pa,1.503e+06,B+,
92,138,230,U,1.748e+06,A,
93,137,230,Np,276,B+,
94,136,230,Pu,105,A,
95,135,230,Am,40,B+,
86,145,231,Rn,2,B-,
87,144,231,Fr,17.6,B-,
88,143,231,Ra,104,B-,
89,142,231,Ac,450,B-,
90,141,231,Th,9.187e+04,B-,
91,140,231,Pa,1.03e+12,A,100
92,139,231,U,3.629e+05,EC,
93,138,231,Np,2928,B+,
94,137,231,Pu,516,B+,
95,136,231,Am,60,B+,
96,135,231,Cm,20,B+,
87,145,232,Fr,5.5,B-,
88,144,232,Ra,240,B-,
89,143,232,Ac,118.8,B-,
90,142,232,Th,4.418e+17,A,99.98
91,141,232,Pa,1.14e+05,B-,
92,140,232,U,2.174e+09,A,
93,139,232,Np,882,B+,
94,138,232,Pu,2022,EC,
95,137,232,Am,78.6,B+,
96,136,232,Cm,10,B+,
87,146,233,Fr,0.9,B-,
88,145,233,Ra,30,B-,
89,144,233,Ac,143,B-,
90,143,233,Th,1310,B-,
91,142,233,Pa,2.331e+06,B-,
92,141,233,U,5.024e+12,A,
93,140,233,Np,2172,B+,
94,139,233,Pu,1254,B+,
95,138,233,Am,192,B+,
96,137,233,Cm,27,A,
97,136,233,Bk,40,A,
88,146,234,Ra,30,B-,
89,145,234,Ac,45,B-,
90,144,234,Th,2.083e+06,B-,
91,143,234,Pa,2.412e+04,B-,
92,142,234,U,7.747e+12,A,0.0054
93,141,234,Np,3.802e+05,B+,
94,140,234,Pu,3.168e+04,EC,
95,139,234,Am,139.2,B+,
96,138,234,Cm,52,B+,
97,137,234,Bk,20,A,
88,147,235,Ra,5,B-,
89,146,235,Ac,62,B-,
90,145,235,Th,432,B-,
91,144,235,Pa,1464,B-,
92,143,235,U,2.222e+16,A,0.7204
93,142,235,Np,3.422e+07,EC,
94,141,235,Pu,1518,B+,
95,140,235,Am,618,B+,
96,139,235,Cm,420,B+,
97,138,235,Bk,60,B+,
89,147,236,Ac,270,B-,
90,146,236,Th,2238,B-,
91,145,236,Pa,546,B-,
92,144,236,U,7.391e+14,A,
93,143,236,Np,4.828e+12,EC,
94,142,236,Pu,9.019e+07,A,
95,141,236,Am,216,B+,
96,140,236,Cm,408,B+,
97,139,236,Bk,26,B+,
89,148,237,Ac,23,B-,
90,147,237,Th,288,B-,
91,146,237,Pa,522,B-,
92,145,237,U,5.834e+05,B-,
93,144,237,Np,6.766e+13,A,
94,143,237,Pu,3.943e+06,EC,
95,142,237,Am,4416,B+,
96,141,237,Cm,600,B+,
97,140,237,Bk,120,B+,
98,139,237,Cf,0.8,A,
90,148,238,Th,564,B-,
91,147,238,Pa,136.8,B-,
92,146,238,U,1.408e+17,A,99.2742
93,145,238,Np,1.814e+05,B-,
94,144,238,Pu,2.768e+09,A,
95,143,238,Am,5880,B+,
96,142,238,Cm,7920,EC,
97,141,238,Bk,144,B+,
98,140,238,Cf,0.0211,SF,
90,149,239,Th,60,B-,
91,148,239,Pa,6480,B-,
92,147,239,U,1407,B-,
93,146,239,Np,2.036e+05,B-,
94,145,239,Pu,7.608e+11,A,
95,144,239,Am,4.284e+04,EC,
96,143,239,Cm,9000,B+,
97,142,239,Bk,100,B+,
98,141,239,Cf,28,A,
99,140,239,Es,1,A,
91,149,240,Pa,20,B-,
92,148,240,U,5.076e+04,B-,
93,147,240,Np,3714,B-,
94,146,240,Pu,2.07e+11,A,
95,145,240,Am,1.829e+05,B+,
96,144,240,Cm,2.627e+06,A,
97,143,240,Bk,288,B+,
98,142,240,Cf,40.3,A,
99,141,240,Es,6,A,
91,150,241,Pa,1680,B-,
92,149,241,U,240,B-,
93,148,241,Np,834,B-,
94,147,241,Pu,4.522e+08,B-,
95,146,241,Am,1.365e+10,A,
96,145,241,Cm,2.834e+06,EC,
97,144,241,Bk,276,B+,
98,143,241,Cf,141,B+,
99,142,241,Es,5.1,A,
100,141,241,Fm,0.00073,SF,
92,150,242,U,1008,B-,
93,149,242,Np,132,B-,
94,148,242,Pu,1.183e+13,A,
95,147,242,Am,5.767e+04,B-,
96,146,242,Cm,1.407e+07,A,
97,145,242,Bk,420,B+,
98,144,242,Cf,209.4,A,
99,143,242,Es,17.8,A,
100,142,242,Fm,0.0008,SF,
92,151,243,U,960,B-,
93,150,243,Np,111,B-,
94,149,243,Pu,1.784e+04,B-,
95,148,243,Am,2.319e+11,A,
96,147,243,Cm,9.183e+08,A,
97,146,243,Bk,1.656e+04,B+,
98,145,243,Cf,648,B+,
99,144,243,Es,22.1,A,
100,143,243,Fm,0.231,A,
93,151,244,Np,137.4,B-,
94,150,244,Pu,2.566e+15,A,
95,149,244,Am,3.604e+04,B-,
96,148,244,Cm,5.715e+08,A,
97,147,244,Bk,1.807e+04,B+,
98,146,244,Cf,1170,A,
99,145,244,Es,37,B+,
100,144,244,Fm,0.00312,SF,
101,143,244,Md,0.36,A,
93,152,245,Np,360,B-,
94,151,245,Pu,3.78e+04,B-,
95,150,245,Am,7380,B-,
96,149,245,Cm,2.603e+11,A,
97,148,245,Bk,4.277e+05,EC,
98,147,245,Cf,2700,B+,
99,146,245,Es,66.6,B+,
100,145,245,Fm,4.2,A,
101,144,245,Md,0.38,A,
94,152,246,Pu,9.366e+05,B-,
95,151,246,Am,2340,B-,
96,150,246,Cm,1.485e+11,A,
97,149,246,Bk,1.555e+05,B+,
98,148,246,Cf,1.285e+05,A,
99,147,246,Es,450,B+,
100,146,246,Fm,1.54,A,
101,145,246,Md,0.92,A,
94,153,247,Pu,1.961e+05,B-,
95,152,247,Am,1380,B-,
96,151,247,Cm,4.923e+14,A,
97,150,247,Bk,4.355e+10,A,
98,149,247,Cf,1.12e+04,EC,
99,148,247,Es,273,B+,
100,147,247,Fm,31,A,
101,146,247,Md,1.19,A,
95,153,248,Am,180,B-,
96,152,248,Cm,1.098e+13,A,
97,151,248,Bk,2.84e+08,A,
98,150,248,Cf,2.881e+07,A,
99,149,248,Es,1440,B+,
100,148,248,Fm,34.5,A,
101,147,248,Md,7,B+,
102,146,248,No,,SF,
95,154,249,Am,180,B-,
96,153,249,Cm,3849,B-,
97,152,249,Bk,2.827e+07,B-,
98,151,249,Cf,1.108e+10,A,
99,150,249,Es,6132,B+,
100,149,249,Fm,96,B+,
101,148,249,Md,25.6,A,
102,147,249,No,5.7e-05,B+,
96,154,250,Cm,2.619e+11,SF,
97,153,250,Bk,1.156e+04,B-,
98,152,250,Cf,4.128e+08,A,
99,151,250,Es,3.096e+04,B+,
100,150,250,Fm,1860,A,
101,149,250,Md,54,B+,
102,148,250,No,5.08e-06,SF,
96,155,251,Cm,1008,B-,
97,154,251,Bk,3336,B-,
98,153,251,Cf,2.834e+10,A,
99,152,251,Es,1.188e+05,EC,
100,151,251,Fm,1.908e+04,B+,
101,150,251,Md,252.6,B+,
102,149,251,No,0.8,A,
103,148,251,Lr,0.0003,B+,
96,156,252,Cm,60,B-,
97,155,252,Bk,108,B-,
98,154,252,Cf,8.347e+07,A,
99,153,252,Es,4.075e+07,A,
100,152,252,Fm,9.14e+04,A,
101,151,252,Md,138,B+,
102,150,252,No,2.467,A,
103,149,252,Lr,0.369,A,
97,156,253,Bk,3600,B-,
98,155,253,Cf,1.539e+06,B-,
99,154,253,Es,1.769e+06,A,
100,153,253,Fm,2.592e+05,EC,
101,152,253,Md,720,B+,
102,151,253,No,94.2,A,
103,150,253,Lr,0.632,A,
104,149,253,Rf,0.013,SF,
97,157,254,Bk,60,B-,
98,156,254,Cf,5.227e+06,SF,
99,155,254,Es,2.382e+07,A,
100,154,254,Fm,1.166e+04,A,
101,153,254,Md,600,B+,
102,152,254,No,51.2,A,
103,151,254,Lr,12,A,
104,150,254,Rf,2.29e-05,SF,
98,157,255,Cf,5100,B-,
99,156,255,Es,3.439e+06,B-,
100,155,255,Fm,7.225e+04,A,
101,154,255,Md,1620,B+,
102,153,255,No,211.2,B+,
103,152,255,Lr,31.1,A,
104,151,255,Rf,1.63,A,
105,150,255,Db,0.054,SF,
98,158,256,Cf,738,SF,
99,157,256,Es,2.736e+04,B-,
100,156,256,Fm,9426,SF,
101,155,256,Md,4662,B+,
102,154,256,No,2.91,A,
103,153,256,Lr,27.9,A,
104,152,256,Rf,0.0066,SF,
105,151,256,Db,1.7,A,
99,158,257,Es,6.653e+05,B-,
100,157,257,Fm,8.683e+06,A,
101,156,257,Md,1.987e+04,EC,
102,155,257,No,24.5,A,
103,154,257,Lr,6,A,
104,153,257,Rf,5,A,
105,152,257,Db,2.3,A,
99,159,258,Es,240,B-,
100,158,258,Fm,0.00037,SF,
101,157,258,Md,4.457e+06,A,
102,156,258,No,0.00123,SF,
103,155,258,Lr,3.92,A,
104,154,258,Rf,0.0125,SF,
105,153,258,Db,2.17,A,
106,152,258,Sg,0.0027,SF,
100,159,259,Fm,1.5,SF,
101,158,259,Md,5760,SF,
102,157,259,No,3480,A,
103,156,259,Lr,6.2,A,
104,155,259,Rf,2.63,A,
105,154,259,Db,0.51,A,
106,153,259,Sg,0.402,A,
100,160,260,Fm,60,SF,
101,159,260,Md,2.402e+06,SF,
102,158,260,No,0.106,SF,
103,157,260,Lr,180,A,
104,156,260,Rf,0.021,SF,
105,155,260,Db,1.52,A,
106,154,260,Sg,0.00495,SF,
107,153,260,Bh,0.041,A,
101,160,261,Md,2400,A,
102,159,261,No,1.08e+04,A,
103,158,261,Lr,2340,SF,
104,157,261,Rf,2.1,SF,
105,156,261,Db,4.7,SF,
106,155,261,Sg,0.183,A,
107,154,261,Bh,0.0128,A,
101,161,262,Md,180,SF,
102,160,262,No,0.005,SF,
103,159,262,Lr,1.44e+04,B+,
104,158,262,Rf,0.25,SF,
105,157,262,Db,34,SF,
106,156,262,Sg,0.0103,SF,
107,155,262,Bh,0.084,A,
102,161,263,No,1200,A,
103,160,263,Lr,1.8e+04,A,
104,159,263,Rf,660,SF,
105,158,263,Db,29,SF,
106,157,263,Sg,0.94,A,
107,156,263,Bh,0.2,A,
108,155,263,Hs,0.0009,A,
102,162,264,No,60,A,
103,161,264,Lr,3.6e+04,A,
104,160,264,Rf,3600,A,
105,159,264,Db,180,A,
106,158,264,Sg,0.078,SF,
107,157,264,Bh,1.07,A,
108,156,264,Hs,0.7,A,
103,162,265,Lr,3.6e+04,A,
104,161,265,Rf,96,SF,
105,160,265,Db,900,A,
106,159,265,Sg,9.2,A,
107,158,265,Bh,1.19,A,
108,157,265,Hs,0.00196,A,
109,156,265,Mt,0.002,A,
103,163,266,Lr,7.92e+04,SF,
104,162,266,Rf,1.44e+04,A,
105,161,266,Db,4800,A,
106,160,266,Sg,0.39,SF,
107,159,266,Bh,10.6,A,
108,158,266,Hs,0.003,A,
109,157,266,Mt,0.002,A,
104,163,267,Rf,9000,SF,
105,162,267,Db,7200,SF,
106,161,267,Sg,108,SF,
107,160,267,Bh,22,A,
108,159,267,Hs,0.055,A,
109,158,267,Mt,0.01,A,
110,157,267,Ds,1e-05,A,
104,164,268,Rf,3600,A,
105,163,268,Db,1.044e+05,SF,
106,162,268,Sg,120,A,
107,161,268,Bh,190,A,
108,160,268,Hs,1.4,A,
109,159,268,Mt,0.023,A,
110,158,268,Ds,0.0001,A,
105,164,269,Db,1.08e+04,A,
106,163,269,Sg,300,A,
107,162,269,Bh,60,A,
108,161,269,Hs,15,A,
109,160,269,Mt,0.1,A,
110,159,269,Ds,0.00023,A,
105,165,270,Db,6120,SF,
106,164,270,Sg,180,A,
107,163,270,Bh,228,A,
108,162,270,Hs,9,A,
109,161,270,Mt,0.8,A,
110,160,270,Ds,0.000205,A,
106,165,271,Sg,132,A,
107,164,271,Bh,2.9,A,
108,163,271,Hs,10,A,
109,162,271,Mt,0.4,A,
110,161,271,Ds,0.144,SF,
106,166,272,Sg,240,A,
107,165,272,Bh,11.3,A,
108,164,272,Hs,10,A,
109,163,272,Mt,0.4,A,
110,162,272,Ds,0.2,SF,
111,161,272,Rg,0.0042,A,
106,167,273,Sg,300,SF,
107,166,273,Bh,60,A,
108,165,273,Hs,1.06,A,
109,164,273,Mt,0.8,A,
110,163,273,Ds,0.00024,A,
111,162,273,Rg,0.002,A,
107,167,274,Bh,57,A,
108,166,274,Hs,0.5,A,
109,165,274,Mt,0.85,A,
110,164,274,Ds,0.01,A,
111,163,274,Rg,0.02,A,
107,168,275,Bh,60,SF,
108,167,275,Hs,0.28,A,
109,166,275,Mt,0.031,A,
110,165,275,Ds,0.01,A,
111,164,275,Rg,0.005,A,
107,169,276,Bh,60,A,
108,168,276,Hs,0.1,A,
109,167,276,Mt,0.7,A,
110,166,276,Ds,0.016,A,
111,165,276,Rg,0.01,A,
112,164,276,Cn,0.0001,A,
107,170,277,Bh,10,A,
108,169,277,Hs,0.012,SF,
109,168,277,Mt,9,SF,
110,167,277,Ds,0.006,A,
111,166,277,Rg,0.004,A,
112,165,277,Cn,0.00079,A,
107,171,278,Bh,2,SF,
108,170,278,Hs,2,SF,
109,169,278,Mt,6,A,
110,168,278,Ds,0.27,A,
111,167,278,Rg,0.008,A,
112,166,278,Cn,0.002,A,
113,165,278,Nh,0.0023,A,
108,171,279,Hs,1,A,
109,170,279,Mt,20,A,
110,169,279,Ds,0.21,SF,
111,168,279,Rg,0.17,A,
112,167,279,Cn,6e-05,A,
113,166,279,Nh,0.001,A,
108,172,280,Hs,0.1,A,
109,171,280,Mt,10,A,
110,170,280,Ds,0.025,SF,
111,169,280,Rg,4.3,A,
112,168,280,Cn,0.005,A,
113,167,280,Nh,0.01,A,
109,172,281,Mt,1,A,
110,171,281,Ds,14,SF,
111,170,281,Rg,19,SF,
112,169,281,Cn,0.18,A,
113,168,281,Nh,0.1,A,
109,173,282,Mt,0.1,A,
110,172,282,Ds,252,A,
111,171,282,Rg,130,A,
112,170,282,Cn,0.0011,SF,
113,169,282,Nh,0.14,A,
110,173,283,Ds,60,A,
111,172,283,Rg,120,A,
112,171,283,Cn,4.7,A,
113,170,283,Nh,0.14,A,
110,174,284,Ds,60,A,
111,173,284,Rg,60,A,
112,172,284,Cn,0.102,SF,
113,171,284,Nh,0.97,A,
114,170,284,Fl,0.0031,SF,
111,174,285,Rg,30,A,
112,173,285,Cn,30,A,
113,172,285,Nh,4.6,A,
114,171,285,Fl,0.21,A,
111,175,286,Rg,10,A,
112,174,286,Cn,30,A,
113,173,286,Nh,12,A,
114,172,286,Fl,0.13,A,
112,175,287,Cn,30,A,
113,174,287,Nh,20,A,
114,173,287,Fl,0.51,A,
115,172,287,Mc,0.06,A,
112,176,288,Cn,10,A,
113,175,288,Nh,20,A,
114,174,288,Fl,0.653,A,
115,173,288,Mc,0.177,A,
113,176,289,Nh,30,A,
114,175,289,Fl,2.1,A,
115,174,289,Mc,0.41,A,
116,173,289,Lv,0.016,A,
113,177,290,Nh,8,A,
114,176,290,Fl,80,A,
115,175,290,Mc,0.84,A,
116,174,290,Lv,0.009,A,
114,177,291,Fl,10,A,
115,176,291,Mc,1,A,
116,175,291,Lv,0.026,A,
117,174,291,Ts,0.002,A,
115,177,292,Mc,5,A,
116,176,292,Lv,0.016,A,
117,175,292,Ts,0.01,A,
116,177,293,Lv,0.07,A,
117,176,293,Ts,0.025,A,
118,175,293,Og,0.001,A,
117,177,294,Ts,0.07,A,
118,176,294,Og,0.0007,A,
118,177,295,Og,0.68,A,
